place_id,name,address,lat,lng,phone,website,rating,review_count,price_level,status,cuisine_type,is_late_night,opens_sunday,avg_review_rating,review_texts
ChIJc4r7zZiozokRsADin-_eEOY,Allen Street Grill,"100 W College Ave, State College, PA 16801, USA",40.7941163,-77.86158089999999,(814) 231-4745,https://www.allenstreetgrill.com/,4.3,357,2.0,OPERATIONAL,American,False,False,4.8,"I’ve been to Allen Street Grill multiple times now when staying at Hotel State College, and every visit has been exceptional from start to finish. The service is exactly what upscale dining should be  | Super lovely. The food was great and the other patrons at the bar when we got a glass of wine before our reservation were so nice and friendly! They even recommended us the broiled oysters (which were | We absolutely love this restaurant and recommend it to anyone looking for a celebration or just amazing dinner spot. My husband and I have been coming here for every anniversary (plus any reason to ce | Amazing experience and very accommodating. Our waiter was super courteous and gave some very helpful tips and recommendations. One of my favorite spots in State College. And thank you again for the de | Overall the experience was good, just not quite great enough for 5 stars. The service was phenomenal from both our waiter and the host. Our waiter accommodated our allergies well and suggested the bes"
ChIJc4r7zZiozokR-NiM1lWNeLg,The Corner Room,"100 W College Ave, State College, PA 16801, USA",40.7942719,-77.86160670000001,,http://cornerroom.com/,4.3,1548,2.0,OPERATIONAL,American,False,True,4.2,"Returning my son to PSU after the Thanksgiving break and we decided to stop in for brunch.  We did not have a reservation but timed it well.  We were seated in the main bar area within a few minutes o | Good appetizers, entrees were OK. The steak frites was not that great. Steak was overcooked (asked for med rare vs well done in picture) and without the sauce it would be uneditable. Dry and just gene | Atmosphere makes the food taste extra special.  Location, interior design, comfort, and service are the intangibles that provide an exceptional experience. | Best smoked salmon sandwich I ate in State College. Breads were very loaded with lots of cream cheese, salmon, arugula, and pickled red onion. It was normally coming with chips but I upgraded it to wi | Pretty good spot, great location, and decent food. They were kind enough to let us order off of the dinner menu even though it was before 3 which was nice. Can get busy, but no reservations are allowe"
ChIJbQM7Yp-ozokR-EbPyeCnEc4,The Tavern,"220 E College Ave, State College, PA 16801, USA",40.7956076,-77.8597492,(814) 238-6116,http://thetavern.com/,4.2,848,2.0,OPERATIONAL,American,False,True,4.4,"Went with a group of five on a Thursday night and quickly got a table. We shared the crab dip for an app. That was very good as was the bread. I had the bolognese which was also very good. Other membe | The salmon was too die for 👏👏👏

Madison was an amazing waitress.

The bonanza red wine was delicious.

Dinner outside, on the second floor was a great way to take in state college. | Can't wait to come back here, it's got a lot of history I'd like to take in. The food was delicious. I ordered the pub burger medium. Service was attentive and knowledgeable. I'd definitely recommend  | Overall underwhelming birthday meal at The Tavern. Made a reservation for 2 about an hour ahead of time (weeknight) & noted it was a birthday celebration. Started with Surf & Turf Eggrolls, cheese ove | Our family had a great dinner together at The Tavern, after a Penn State event. Service was attentive and nice. We were glad we checked out this longtime restaurant when visiting campus. Excellent bar"
ChIJDUScs76ozokRAqouIMfnkSQ,Wings Over Happy Valley,"244 W Hamilton Ave, State College, PA 16801, USA",40.7873806,-77.8564682,(814) 237-5700,https://wingsover.com/,4.1,473,2.0,OPERATIONAL,American,True,True,4.0,"Some of the best wings I’ve had — great flavor options, sauces that actually stick, and the wings stay crispy instead of getting soggy. Portions are solid and everything tastes fresh and well-made.Onl | Consistent order issues… we haven’t ordered for a while because of a past problem. We gave it a another shot tonight and they forgot half of a 10 piece order. Uber Eats gave a $2 refund… | Great spot for chicken in Happy Valley.  I tried the 2 chicken tender sandwiches and fry. I recommend getting the tenders plain and dipping them in your preference sauce. Nonetheless, highly satisfied | If you’re a local than you probably noticed the great fall of this place 6 years ago, I can happily say that after my recent 2 experiences that this place is back to its former glory.

The chicken was | Wings were hot and fresh!  Great tasting and had a good amount of sauce. The pumpkin spice flavor was better than expected. Our order was ready for pickup sooner than expected. Can't wait to stop back"
ChIJp1jQcpmozokR9Dx1diMnJes,Subway,"100 S Burrowes St, State College, PA 16801, USA",40.7924503,-77.86385299999999,(814) 231-0232,https://restaurants.subway.com/united-states/pa/state-college/100-s-burrows-st?utm_source=yxt-goog&utm_medium=local&utm_term=acq&utm_content=1724&utm_campaign=evergreen-2020&y_source=1_MTQ4OTUyODQtNzE1LWxvY2F0aW9uLndlYnNpdGU%3D,3.8,88,1.0,OPERATIONAL,Sandwiches,True,True,2.4,"Walked in on a Tuesday with a coworker to get lunch. Everything ingredient-wise looked to be fully stocked so we attempted to order turkey subs. The employee kept telling us that only tuna was availab | Usually this subway is good quality but today I ordered a sub to find it left outside on the ground with the store completely closed. The stores hours are 9-5 and I ordered/arrived to pick up my order | The staff members were friendly and helpful. The sandwich was great. The price was reasonable for the set meal with the sandwich, drink, and chips. | I asked a half a foot, they gave 4"".
I went to get MD from the dispenser, it was Mello yellow.
Don't leave without knowing what you got.
I also the combo meal and the cashier didn't make it as request | The manager is passive aggressive and made several micro aggression while and after I made my order"
ChIJs8cWGJmozokRX0F60SEiOE8,Cafe 210 West,"210 W College Ave, State College, PA 16801, USA",40.7931671,-77.8629167,(814) 237-3449,http://cafe210.net/,3.9,652,1.0,OPERATIONAL,Breakfast & Cafe,True,True,2.4,"I loved this place during undergrad so when I came back for Homecoming this was a guaranteed stop for me! The pitchers were just as fun as I remember and the skillet fries and wings are still a hit 🔥  | I had a very disappointing and frustrating experience at Cafe 210 that raises serious concerns about their professionalism and how they treat customers. During my visit, the bartender… an old bald man | I had a very disappointing and frustrating experience here tonight. After purchasing a drink for $10, my card initially didn’t go through with one bartender. Instead of handling it professionally, he  | Terrific spot in State College to have cheesesteaks!  We visited Cafe 210 West for the first time and the vibes are definitely college bound atmosphere.  The service was fantastic!  We ordered the moz | Awful experience from start to finish! I don't recommend going to this place!

We asked the bouncer if there was a happy hour since there was a cover fee, and he said, ""yes."" I go inside and ask the b"
ChIJ_Sl6XaCozokRaD0f2mOZNFw,The Waffle Shop Downtown,"364 E College Ave, State College, PA 16801, USA",40.7977069,-77.8569098,(814) 237-9741,https://thewaffleshops.com/,4.3,686,1.0,OPERATIONAL,Breakfast,False,True,4.6,"The place to go before the football game! Great Saturday morning eats. Sooo good!! Our server Jasmine was amazing. Her hospitality made us feel at home. She was very knowledgeable about the menu as we | This review is tough for me. I love Waffle Shop. I came here a lot when my wife was in undergrad. However my experience here was mixed. We waited about 20 min which is normal for a Sunday on a parents | Talk about nostalgia!!! I brought my family here to show them how good it was and it has not changed in quality since...well 2005 when I graduated. Kiddos loved it, we love it and the service was exce | The place was SUPER busy on a Sunday, 9am. Service however, was terrific: attentive and friendly. Our coffee cups were refilled upon the last sip, our requests (milk instead of half & half) easily fil | We waited 10 minutes for seating but it was a busy morning for the restaurant. The staff kept us informed on wait times. Our waitress was very nice and attentive. The food was great, I go the meaty om"
ChIJz-QkUaCozokR8i2kntVPcsI,Chipotle Mexican Grill,"116 Hiester St, State College, PA 16801, USA",40.7968158,-77.857086,(814) 231-0442,https://locations.chipotle.com/pa/state-college/116-hiester-st?utm_source=google&utm_medium=yext&utm_campaign=yext_listings?restaurant=1329,3.6,724,1.0,OPERATIONAL,Mexican,False,True,2.6,"Portions keep getting smaller. The server actually shook the spoon to knock chicken off of it before putting it in my burrito. Like Thomas' review, when I asked if I could get a full scoop, someone el | This location was out of several items and did not explain before ordering and no substitute items suggested. There was very little chicken, absolutely no fajita veggies or veggies at all, and our bow | Asked for a little more chicken because I received the smallest scoop I have ever seen (and I go to other chipotles a lot), and then a different employee jumped in and replied that they’d given me a s | This Chipotle, located near Penn State University, was one of the best I have ever visited and here is why. The location is spacious and eve though there was a long line it did go fast.  We ordered tw | From the second you step in it smells amazing, you can tell it’s a popular place, thought there were some opens tables for lunch. The staff were really nice, efficient and gracious with their service."
ChIJl7mOn5iozokRwTh6uDBizCA,Cozy Thai Bistro,"232 S Allen St, State College, PA 16801, USA",40.7926971,-77.8594361,(814) 237-0139,http://cozythaibistro.com/,4.3,811,2.0,OPERATIONAL,Bistro,False,False,3.8,"Food was Great, my Server was amazing. Absolutely loved the Prik Pow and Tom Kha. Soo Glad I Went.

Only complaint is I left a $20 on the table as a Tip, wrote it on the receipt, but they charged the  | The food here is out of this world!! The Pad Thai and curry I got at Arts Festival were amazing, and the people who work there are super kind! I would definitely recommend this place! | Found this spot on the way to Ohio. The food is good and service was nice. We tried Tom Kha veg soup, Papaya salad, Green curry, Red curry and Cozy Thai Fried rice. | Thai hot drunken noodle never misses! Though legend says that you can accidentally end up with something very spicy on occasion | I have an allergy to gluten and this restaurant had always been accommodating to it.

The last time I went there, I had a few bites of my pad Thai and began coughing from an itch in my throat. I asked"
ChIJ-3YT6ZiozokRj5SrciTLbKM,Green Bowl,"131 W Beaver Ave, State College, PA 16801, USA",40.7928414,-77.8613294,(917) 724-4911,,4.2,523,2.0,OPERATIONAL,Asian Fusion,False,True,4.6,"Really authentic hand pulled Chinese noodle restaurant. Very reasonably priced with generous portion. I got the four in one that has four kinds of toppings. You can also choose your own protein which  | Been thinking about my bowl for days… large portion size and the beef was super tender. The spicy bowl was the right about of spicy and was offset nicely by scallion and cabbage. Definitely coming bac | My husband went to PSU for a work trip and I found this place on the maps. ( I lived in Xi’an for 5 years and I love Shannxi food. )My husband went here, ordered food for me, and asked if they could p | The noodles is handmade everyday and in the best of conditions, every time I enter I just had to grab a bite. What I love favorite is the beef over rice. But also their rice noodles!! Recommend! | It’s worth it if everything were $5 cheaper. It’s a good option if you’re craving a heavier beef noodle bowl. The Chinese chili sauce is unique, and the noodles are chewy with a variety of meat option"
ChIJc8UbpZiozokRXReoAANZT7g,Phyrst,"111 E Beaver Ave, State College, PA 16801, USA",40.7937165,-77.8601073,(814) 238-1406,http://www.phyrst.com/,3.9,476,1.0,OPERATIONAL,Bar & Pub,True,True,3.0,"Great college bar with live entertainment.  Visited early on a Friday afternoon was was please to see live entertainment.  Plenty of drink specials and super friendly employees.  Love the layout of pa | bouncer was racist and wouldn’t let my friend in because he was “too drunk” even tho me and my other friend (white) were equally tipsy. don’t go here they hire racist bigoted people. | My neice and a friend were both roofied in this bar by an employee or someone acting as an employee, found at the wee hours of the morning unconscious in the bathroom and taken to the hospital! Also w | Last night, I came here to watch live music. Luckily, it wasn't too crowded, so I could enjoy the music while ordering ""The Karen"" for my drink. It tasted great and refreshing. I also ordered some sna | Obviously a State College staple & it is a good time, but this place stinks, is sticky & the bathrooms are beyond gross. Bartenders are great. Bouncers are rude. Food is good. Drinks are cheap."
ChIJVefJt5iozokRfQ87wxVsMz0,Webster's Bookstore Cafe,"133 E Beaver Ave, State College, PA 16801, USA",40.794121,-77.859668,(814) 272-1410,http://www.webstersbooksandcafe.com/,4.7,735,1.0,OPERATIONAL,Breakfast & Cafe,False,True,4.4,"Lovely atmosphere to sit and study in or to listen to some live music on Sundays. Nice place for events and community based things but, at least for me, not so good on the food.

I'm vegetarian and I  | Can I please move in? This place is enchanting! There are books, coffee, food, clothes and some antiques, what else can I ask for? Loved the tables in little nooks where one can study, read or hide fr | Jazz Brunch Webster's Bookstore & Cafe was delightful this past Sunday.  There was a nice assortment of brunch foods, the stars for me being the roasted potatoes, probably the best I’ve had while dini | I was looking for a unique spot to get some work done during my visit to State College & this fit the bill wonderfully! Great vibes amongst books & vintage shop, but slow service in the cafe due to be | My daughter and I discovered this bookstore hidden in State College today. We are always trying to find places that remind us of the PNW vibe where we grew up, and this is definitely it!! Vegan & GF f"
ChIJWVdV4KGozokRyIZhg7lq7Ls,India Pavilion,"222 E Calder Way, State College, PA 16801, USA",40.7953639,-77.85907300000001,(814) 237-3400,http://www.indiapavilion.net/,4.4,1275,2.0,OPERATIONAL,Indian,False,True,4.4,"My family’s favorite restaurant in State College for almost 30 years!  The lunch buffet(pictured) is delicious and always has great vegetarian food.  The owner Sohan and his family are very kind and a | Went to the India Pavilion yesterday for the first time and was absolutely pleased. Everything was fresh and delicious, the staff was hospitable and so attentive. A family member that brought me there | The food was delicious but too spicy for me.
Loved the dessert part.
They bring you some fresh Naan.
Nice hot experience!! | The thali was a great way to try everything! Spice levels were nice and not overwhelming | 15/p for the buffet.

Enjoy my lunch here,
Amazing food and the spices/herbs.

I gave this place a three star based on how I was serviced. I was sat down, but DIDN’T know it was a buffet. Must be my m"
ChIJNWObIZmozokR73rQqOOvCPA,Dunkin',"200 W College Ave, State College, PA 16801, USA",40.7934116,-77.8627065,(814) 235-1905,https://locations.dunkindonuts.com/en/pa/state-college/200-w-college-ave/345541?utm_source=google&utm_medium=local&utm_campaign=localmaps&utm_content=345541&y_source=1_MTIxMDkwNjQtNzE1LWxvY2F0aW9uLndlYnNpdGU%3D,3.8,289,1.0,OPERATIONAL,Breakfast & Cafe,False,True,2.8,"Coffee is a little bit higher than average but donuts are not good at all. And i hate “no loitering” papers! If this is a café and there are places to sit, people can enjoy! So rude! | Ordered frozen coffee. Saw the lid off blender fall to the floor. It was picked up and put on blender before blending coffee without even rinsing it off! When I picked up the drink I asked if that hap | I called because I wasn't sure about an order I got somebody else's and I just wanted to let them know in case somebody was looking for their order.... The lady who picked up the phone started screami | People are super nice here, the music is good, and my order always comes out as fast as possible :) | very chewy donuts, good stop for winter weather lol, staff was rlly kind and patient too"
ChIJ087mu5iozokRu9l41RRw5g0,Panera Bread,"148 S Allen St, State College, PA 16801, USA",40.7933806,-77.86061839999999,(814) 867-8883,https://www.panerabread.com/en-us/cafe/locations/pa/state-college/148-s-allen-st?utm_medium=local&utm_source=google&utm_campaign=dpm-dist&utm_term=601201&utm_content=main,4.0,581,2.0,OPERATIONAL,Bakery,False,True,3.4,"This place is fine. Personally, this was the worst Panera experience I’ve had, and I wouldn’t recommend this place at all. When I ordered and received my sandwich, it was cold and didn’t have any baco | Great place to get coffee. However, it is not a great place to do work. There are so many nice spaces and tables but the music is so loud it pounds my head and even with noise canceling headphones I c | Family fest menu from Panera!

The veggie sandwich and the greek salad were good.

The french baguette not so much (really hard for a baguette). The tomato soup was a little to strong so we mixed it w | It's a Panera. No different than any other I've been to, except they have kiosks to order at. The food is good-to-great, service time is reasonable, and their bagel/pastry offerings are pretty solid t | Panera's are the same everywhere you go. And I suspect it's this familiarity that brings people back. That's why I come back...I can count on great quality every time. What makes this store stand out "
ChIJPXgkIR6mzokR7Axa9TL_nIY,Subway,"456 E College Ave, State College, PA 16801, USA",40.798972,-77.85539299999999,(814) 231-0233,https://restaurants.subway.com/united-states/pa/state-college/456-e-college-ave?utm_source=yxt-goog&utm_medium=local&utm_term=acq&utm_content=2695&utm_campaign=evergreen-2020&y_source=1_MTQ4OTgyMDAtNzE1LWxvY2F0aW9uLndlYnNpdGU%3D,4.1,108,1.0,OPERATIONAL,Sandwiches,True,True,3.4,"Yooo 🤘 cleanest subway I've ever seen 👌
Great service 💗 I will be back! | Good experience. Always fast and have everything ready. No complaints | Indian employee  cussed me in his own language because I was looking at the calories for too long Monday 20 October 6:22 pm | The manager knocked my cup on the ground and then got mad at me when i asked for a new one. And all of his workers are visibly scared of him. Do not go here. | Passing through the area we randomly arrived at this Subway. Didn't realize that it would be right across the street from the university. We were a bit pensive that Subway would be packed with student"
ChIJF1mw5aCozokRt_hZm_BVlV4,D.P. Dough,"401 E Beaver Ave, State College, PA 16801, USA",40.79707399999999,-77.8558432,(814) 237-4747,http://www.dpdough.com/,3.7,425,1.0,OPERATIONAL,Late Night Snacks,True,True,2.6,"I waited for 15 minutes for some soggy, cold dippers and “garlic parm stick” which were nothing more than a bread calzone with grated Parmesan desperately sprinkled on top. This place isn’t worth the  | I came with another person, had to wait 10 minutes just to order, and the guy left right after I ordered and didnt come back to take her order. The one calzone I had ordered took 20 minutes even thoug | i have genuinely never had worse customer serve at ANY restaurant before. the person who took my order acted annoyed that i was even ordering, then when i was served my food, it was shoved into me. i  | Very good VEGAN options. They have 3-4 different vegan calzones and if you state, they also make the cheese sticks vegan! They probably had more vegan options but we did not check actually cause we wa | Good food, loved the fact they were open so late with having to work an odd shift."
ChIJN77YDZmozokRPfIyCOGv6dM,Starbucks Coffee Company,"232 W College Ave, State College, PA 16801, USA",40.79267000000001,-77.86353,(814) 235-4812,https://www.starbucks.com/store-locator/store/11226/,4.3,367,2.0,OPERATIONAL,Breakfast & Cafe,False,True,3.8,"During the heavy snow today, the store manager helped me carry my items, and walked all the long way to my car through the deep snow. Your kindness in the cold weather truly warmed my day. It’s this e | I had a wonderful time at this Starbucks location, and was impressed by the quality of services and the cleanliness of the facility. It’s in a great place for studying as well given its proximity to t | Always fast, excellent service.  Daughter was a regular here throughout attending college, & we'd stop in when I'd go visit her.
I feel this location's commitment to accessibility in their providing r | Crazy you guys let a guy film a video in your store making fun of a handicapped person | Give veterans and cops free or discounted coffee and confections"
ChIJ8YG-kLCozokRP4bd29BTs2c,Faccia Luna Pizzeria,"1229 S Atherton St, State College, PA 16801, USA",40.784782,-77.847396,(814) 234-9000,https://faccialunapizzeria.orders2me.com/,4.4,1224,2.0,OPERATIONAL,Pizza,False,False,3.8,"After hearing how “excellent” this place was for 2 years, my husband and I finally decided to give it a try. BIG mistake!
We experienced soggy bruschetta, a undercooked cheese pizza disguised as a mar | DO NOT GET THE GARLIC AND BASIL LINGUINE. IT IS AS THICK AS A STRAW AND HORRIBLY UNDERCOOKED. The kitchen CANNOT cook it any longer due to it being homemade. Avoid at all costs. Pizza is good and so i | Great place pizza was fire like its the best rated pizza in state college thats why i ate here and it lives up to their name from what i assume they hand made every ingredient service was slow but it  | While I did not eat inside, I did order take away while in the area. I had their potato pizza. When I tell you, I cannot stop thinking about this pizza days later. It was so delicious, crust cooked to | The food is so good. No reservations so get there early is you don’t want to wait. Ive only had the pasta because it is perfect.  The creamy pepper Parmesan dressing for the salad was so good and the "
ChIJK8HAyQKmzokRBIzXa9W7MYk,Monte Pizza & Wings,"616 W College Ave, State College, PA 16801, USA",40.7895214,-77.8679247,(814) 231-7500,https://slicelife.com/restaurants/pa/state-college/16801/monte-pizza-wings/menu,4.2,222,1.0,OPERATIONAL,Pizza,True,True,4.2,"If you can’t afford insulated bags for your own orders, you deal with the complaints.

If your food keeps coming out cold, that’s a failure on your end —blaming drivers for cold food just shows you do | I feel like Monte Carlos is not talked about enough and highly underrated. I’ve had a variety of different items from pizza, wings and subs, which are all very good. I love it because they don’t do mu | Excellent pizza, tasty @ good price. | Best pizza in state college + they have halal pepperoni but chicken isn’t halal | This is MY favorite pizza in state college.  It's so good. Any time I've gotten it I have never been disappointed -  The sauce has flavor! Great pepperonis too!

Easy easy parking - and it's free.

Th"
ChIJ9592LpqozokRA5ZcdcddoOw,Pho 11 Vietnamese Restaurant,"146 N Atherton St, State College, PA 16801, USA",40.7922862,-77.8670259,(814) 231-1367,,4.2,430,2.0,OPERATIONAL,Vietnamese,False,True,3.4,"It was pretty empty when we visited. I think most folks get takeout. I have not tried other pho restaurants in the area but this restaurant compares favorably to other places where I've eaten. We had  | Ordered vermicelli noodles and shrimp Pho and the broth was very flavorful! On a side note- my take out order had no cilantro. | The restaurant is very clean, you can order through the kiosk either on the table or when you enter on the left hand side. The food is simple but delicious. I didn’t taste the monosodium glutamate fro | I have to be honest I was very disappointed with the experience here. If you are looking for a dine-in experience this is not it. You will not be greeted. Everything in the establishment is automated  | I ordered takeout and was very saddened. The food overall is decent but it’s lacking key elements from staple Vietnamese cooking.

I got the Pho and the meat I received was not rare it was VERY cooked"
ChIJuwJ5r5iozokRkBDMex98ww0,Local Whiskey,"107 E Beaver Ave, State College, PA 16801, USA",40.7937297,-77.8601448,(814) 272-6831,http://www.localwhiskeybar.com/,4.4,992,2.0,OPERATIONAL,American,True,True,5.0,"This is a review about the Local Whiskey lunch special. It is one of my go-to options in town.

It's hard to beat this lunch special in terms of taste and value! Admittedly it is a little crowded and  | Went on Friday the weekend of Penn States Homecoming. It was super busy but the service was quick and our server was very kind. We got a large cheesesteak to split IT WAS HUGE. No one was mad about th | This whiskey bar is an absolute gem! The decor is stunningly beautiful, creating a warm and inviting ambiance that's perfect for unwinding. And their margaritas? Absolutely awesomeEach sip is a blend  | The burger lunch special is the best lunch special in town. No modifications on the burger are permitted, but otherwise its awesome. Under $10 for lunch and a drink is rare anywhere these days. Their  | Honey chicken sandwich is amazing! Worth a decided trip. Friend loved the girlfriend (burger not person haha)"
ChIJEesCsZiozokRZis9bSTBHtU,Champs Downtown,"139 S Allen St, State College, PA 16801, USA",40.793845,-77.8604948,(814) 238-1110,http://champsdowntown.com/,4.1,1223,2.0,OPERATIONAL,American,True,True,3.8,"Had some beer and watched Eagles throw interceptions Monday Night Football.  We were clearly oldest people there.  Good crowd.  Excellent service. | Lindsey was a fantastic bartender. After what I’m sure was an insanely busy day with hockey valley, she went out of her way to help me with drinks and remembered my name and order each time I went up! | Champs is a statement in State College. This location gets busy but it's quite large. The 360 bar has a lot of seats and, besides the first floor, there is an elevated ""half floor"" and downstairs floo | The service here was top notch. We had a large party and our server was personable on time and had a great vibe, we really felt taken care of by her and the food was made quickly and they let us use t | I got kicked out for no reason? Of course a “drunk” person wouldn’t be coherent enough to review, but I got escorted out for wanting to use the bathroom? I’m so confused, no one would explain and I am"
ChIJhZxiuJiozokRhJJEB307MJM,Kondu,"132 S Allen St, State College, PA 16801, USA",40.7935977,-77.8609729,(814) 862-9724,http://kondustatecollege.com/,4.3,237,2.0,OPERATIONAL,Asian Fusion,False,True,4.2,"FOOD IS DIFFERENT FROM ADVERTISED! Pic 1 is the gyoza and shumai shown on their menu, pic 2 and 3 are the gyoza and shumai i got. Gyoza is not steamed like the menu pic suggests, and shumai is also a  | The food is always good and is quickly prepared.   We always order takeout so have never eaten in the restaurant.   Food is ready in 15 minutes or less once order is placed and is plentiful. | I cannot make it through a visit to State College without returning to Kondu at least once. Some of the best food and boba in town, well-priced, and at an accessible location. Highly recommend checkin | The sushi bowl and the sushi burritos are excellent here.  They are made with fresh ingredients and are very tasty.  They don’t fill up the bowl and burritos with a lot of rice either.  However, the u | I love sushi and I love burritos. We had a great meal. Super high quality and fresh meats. The burritos use a seaweed wrap with rice and went really well with Sriracha. We had several kinds of bubble "
ChIJY3NE6ZiozokREObS4zOEO-g,Irvings Bagels,"110 E College Ave, State College, PA 16801, USA",40.7944859,-77.8611214,(814) 231-0604,http://www.irvingsstatecollege.com/,4.2,596,1.0,OPERATIONAL,Breakfast & Cafe,False,True,4.8,"Its a nice place for quick breakfast. I got the bagel pizza and everything bagel with garlic cream cheese. They were good. | During my short time in State College, this was my go-to lunch spot. It does get extremely busy during peak lunch hours, so plan accordingly. My order was made incorrectly a few times, but the staff a | A New York bagel shop just across the street from Old Main, Irvings is a great place for incredible breakfast/lunch fare while catching the Penn State vibe. Home of State College’s best and IMO only a | Great, casual place for a quick, delicious breakfast.  It is basically counter service, and then you bring your meal to your table.  I had bacon, egg, and cheese on a poppy seed bagel. 🥯   It was fres | Great experience at Irving’s Bagels! I like the atmosphere a lot. Service was friendly and prompt. There are plenty of tables to sit and study a while, and they have additional seating downstairs too,"
ChIJITis-piozokRcMQaubQhbm4,Federal Taphouse,"130 S Fraser St Suite 200, State College, PA 16801, USA",40.79278559999999,-77.86215200000001,(814) 954-4888,http://federaltaphouse.com/,4.0,1166,2.0,OPERATIONAL,American,False,True,2.4,"I stopped here for lunch before taking my son and his roommate home for Christmas break. The service was slow, and they put mushrooms on my first pizza despite my request not to do so because of my al | So I’ve eaten here several times when visiting my son at PSU. It has always been adequate. This means that you get food that is edible for a reasonable price. A place to go in a pinch. I get it, this  | Espresso martini but with only half martini lol. Never have i seen this in my life. Three of us got the same exact looking martinis half full. Plus the hummus is guacamole and didn’t mention that on m | The host who greeted and seated us was very nice.  Our waitress never smiled or looked at us, she just look at her pad and wrote down our order. She didn’t even say thank you when she put the final bi | Busy spot with tons of beer on tap. It was a 2 hour wait but we found a spot to eat at the bar. Had the steak which was good but not great. Overall a good meal though."
ChIJR2DUoqGozokRgjeHrpEolVU,Canyon Pizza,"219 E Beaver Ave, State College, PA 16801, USA",40.7949346,-77.85851699999999,(814) 867-8010,https://www.canyonpizzapsu.com/,3.9,503,1.0,OPERATIONAL,Pizza,True,True,3.6,"Pricing is A++;  $16.99 for a XL Pizza?! Sounds like a pretty good deal to me.
I can definitely see this as a good late night option as almost anything beats Dominios.
Pizza was pretty good, the chees | very clean and friendly staff! very impressed for a new staff and just opening up. fresh ingredients and a great menu, made too order. not your typical fast food pizza. salads are amazing and so are t | Great pizza for a late night! Nice cooks and good service. New-York style pizza with a decent crust. Their $6 combo is also great. | The pizza was delicious, but unfortunately the wrong item came out with my order. I called and emailed the restaurant but never heard back. Menufy Support said the refund has to be approved by the res | This is probably the filthiest place I have ever ordered take-out from. Prior health code violations, which are publicly available proves my point. I get that its a ""late-night"" pizza place for studen"
ChIJkdufGJmozokRcGiU9ScCiVA,Tadashi Japanese Restaurant,"206 W College Ave, State College, PA 16801, USA",40.7933203,-77.86288239999999,(814) 862-9111,https://tadashijapanese.com/,4.5,923,2.0,OPERATIONAL,Japanese,False,True,4.2,"Definitely a nice place to visit if you're missing and/or craving Japanese foods while you're in State College. I went with my friend and they sat us at the counter. The inside dining area was a bit c | Small amount of seating available here. If you go for lunch be prepared to sit at the “bar”. Otherwise this place was delicious if you’re looking for pork buns and ramen. They don’t offer sushi at thi | Yum yum yum...those are the words you will be saying when you eat here. Everything we ordered, I would 100% eat for the rest of my life. I ordered the chicken bao bun, octopus balls, vegetable ramen ( | There are two Tadashi restaurants where one caters more to rice dishes/don (this one), while the other one serves sushi and rolls. We ended up trying both restaurants during our weekend visit to Penn  | No sushi on the menu. Excellent stir fried pork belly."
ChIJLzedEpmozokR1WZFWkCn5-E,Little Szechuan,"228 W College Ave, State College, PA 16801, USA",40.79275639999999,-77.8632781,(814) 308-9906,https://etapthru.com/restaurant.php?id=7745,4.4,938,2.0,OPERATIONAL,Chinese,False,True,4.8,"I had spicy Fish and sesame chicken and sweet and sour soup,
I absolutely loved fish and soup very much and would come back for those.
People were very nice, specially the lady who was our server. My  | This cozy, spicy Chinese restaurant has a homey feel. It's always packed. The dishes are generously portioned and cooked in authentic Chinese style, without any greasy or MSG-laden flavors. The simple | I always stop at Little Szechuan when I am visiting Penn State, and it never disappoints. | We had a party of ten dine in today, and the staff were very attentive in setting up our table. The tofu with vegetables, fried rice, and eggroll was my preferred choice and was very good. My PIC thor | This place is an absolute must if you are craving some delicious Chinese food! I ordered way too much food after a long day and my family ended up eating all of it. We got the chili pork dumplings, wh"
ChIJi53GwnBoSogR34J5rnskSFk,Primanti Bros. Restaurant and Bar,"130 Hiester St, State College, PA 16801, USA",40.7966835,-77.8569364,(814) 862-9367,https://restaurants.primantibros.com/locations/pa/state-college/130-heister-street,4.1,1153,1.0,OPERATIONAL,American,True,True,3.6,"The food was decent but way too much bread to meat ratio. Coleslaw was good in its own way but not great. Service was outstanding. With these prices, it's a good value and worth going back. | Awesome place to watch a Penn State game. Great service for a packed restaurant. All of our food was excellent. The Crazy Big Bavarian  Pretzel with hot cheese sauce and honey mustard was awesome. The | Not the best Primanti bros experience. Stopped at the door due to a “barn party” but told to wait at the red line inside like normal. Seated quickly near the door. Nice views, but took the waiter awhi | Embarrassed that this location has any affiliation with Pittsburgh.   Service was Slow,  disorganized and lazy.   The only food that was decent was the onion rings and they didn’t come out until after | I attended Primanti Bros Restaurant and Bar in State College, PA, three times in the last month. Every time I attended the business, Wyatt, Ashton, and Jordan worked, and they all made me feel part of"
ChIJV87IuZ-ozokR6UojuRZud6M,Sbarro,"28 Hub-robeson Center, University Park, PA 16802, USA",40.79796169999999,-77.8616882,(814) 865-7623,https://www.sbarro.com/locations/PA/UNIVERSITY-PARK/Penn-State---Hub-Robeson-Center/,3.5,60,1.0,OPERATIONAL,Fast Food,False,False,4.0,"The pizza here is fine if you need to get a quick bite to eat! | I’ve loved this place, and am always craving their 4 cheese white pizza. Lines can get long around 12 till 2 though when students are on lunch break and seats fill up fast. I’d suggest ordering ahead  | Loved coming here frequently when I was at PSU for undergrad. Staff is very friendly and food (pizza, strombolis, ziti, sandwiches) is pretty good though I did prefer the old design/layout of the seat | My favorite food here is 'Sausage and spaghetti, with two spoons of red source, and pepper and onion'. The inflation is so bad in the past few years but the price is still very cheap. As a fast food c | Sbarro offers overpriced low-quality food. You pay 4 dollars for a small slice of pizza and then it's really nothing special, but average quality. The pasta is also terrible, sometimes even a bit over"
ChIJS9MfwJ-ozokR3j9L8Z7Aegw,Hibachi-San,"7 HUB, Hetzel Union Building, Pollock Rd, University Park, PA 16802, USA",40.7981929,-77.8610271,(814) 314-2238,,2.9,42,2.0,OPERATIONAL,Japanese,False,True,1.4,"I had recently taken a trip to the University of Penn State and decided to go to the hub for some nice hibachi. My son Ja’Hilton (named after place of conception) and I ordered food from a grumpy Jewi | I ate a lot of poke in my life, and this one is the worst!!!
Absolutely disgusting, inedible!
The salmon does not look fresh at all, the avocado is repulsive!
The white rice was good. | Out of all the places I have visited, this was definitely one of the worst restaurants I have been to. The portions are skimpy, the workers are rude, short-tempered, and overall angry, and the food wa | Tasty, a lot of rice. They were out of a lot ingredients like seaweed and avocado. It was weirdly difficult to get soy sauce packets. FYI, the ""kale salad"" base is just cabbage, not kale. | Sorry, don't usually like to criticize locally owned places, but the poke bowl I got here was simply not very good.  The salad that came with it should have been tossed a few days ago.  Rest of the in"
ChIJh0Bkx5-ozokRgb9W_zKRMAk,McAlister's Deli,"28, HUB-Robeson Center, University Park, PA 16802, USA",40.7982,-77.86149999999999,(814) 865-3869,https://locations.mcalistersdeli.com/pa/university-park/28-hub-robeson-center?utm_source=google&utm_medium=organic&utm_campaign=locations_partner,4.3,29,2.0,OPERATIONAL,Sandwiches,False,False,4.8,"I just loved this place when I was in Illinois living there for work. I have never seen one in Pittsburgh or the surrounding area yet. I ran into this place while here on a 2 month vacation and just h | You don’t see many McAllister’s around this area at all. It’s really nice that they have one in the Hub for in between classes. I think the quality of the product is always really good and consistent. | One of wholesome meal in the HUB. Recommend The McAllister Club or Grilled Chicken Club with potato salad or fruit cup! Angus beef club was not as good even though it was a bit more expensive. | Not bad. The toppings on the potato could be a little bit more plentiful but the flavor was good | One of my favorite places in the HUB. Their unsweet tea is great (the best on campus in my opinion). I really enjoy their French Dip, Chili, and Mac and Cheese. There seems to always be a shorter line"
ChIJ_____6CozokRH0s6TRxxsYI,Big Bowl Noodle House,"418 E College Ave, State College, PA 16801, USA",40.7980525,-77.85643400000001,(814) 238-1099,,4.6,748,1.0,OPERATIONAL,Asian Fusion,False,True,5.0,"This is definitely 5 stars! We were craving some Chinese food and looked up what was in State College. This place had the highest reviews so we decided to give it a try. It did not disappoint. The atm | Big portions, low prices, and actually good flavor.

Came with a friend, we knew we were over-ordering, but the portions were even bigger than expected. The noodles had great texture, and the sides we | This was my favorite place to eat during undergrad. I came back to visit this week for Homecoming and this place hasn’t lost a beat! The food was delicious as always! This is a State College hidden ge | We were recommended to this place by a local and it did not miss. Food was fresh and portions large. Service was fast and friendly. Honestly, not sure what else you could ask for. There were plenty of | Authentic food. College student friendly.  Friendly service. Located below street level. Tip: try the fried tofu."
ChIJuQ93hqCozokRFByYLZQn4As,Tokyo Sushi & Hibachi,"428 E College Ave, State College, PA 16801, USA",40.7980777,-77.8563989,(814) 867-0888,https://www.tokyostatecollegepa.com/,4.3,292,1.0,OPERATIONAL,Japanese,False,True,5.0,"Excellent sushi and excellent service! Really enjoyed all of the sushi and rolls we ordered. My dining partner really enjoyed the vegetable tempura, but I thought it was just OK. The frying oil tasted | Really enjoyed this place. The service was very nice and the server really paid attention to my requirements. Food tasted great and was very fresh. Portions were good and everything came out pretty fa | Every semester, I come here multiple times to enjoy Japanese cuisine. The ingredients here are fresh and the dishes are diverse, such as salmon sashimi and eel sushi, all of which are very delicious.  | Just passing through the area and kids wanted hibachi. Unfortunately they do not have a hibachi “show” but the food and great service make up for that. Everything was fresh and delicious, many unique  | The sushi here is so fresh and well-balanced and the hot dish is very comforting, making the experience feel relaxed and welcoming.definitely a place I’ll be coming back to."
ChIJW9JL-x6mzokRLeOyNn9vIyU,Pollock Commons,"215 Bigler Rd, University Park, PA 16802, USA",40.8019445,-77.8563984,(814) 865-4321,https://liveon.psu.edu/university-park/dining/fresco-pollock,4.4,125,,OPERATIONAL,Campus Dining,True,True,4.2,"One of the main locations for in-campus dining.

Spacious seating areas with wonderful view overlooking Pollock residence hall garden and East side of campus.

Fancy design, and most importantly healt | The food is absolutely amazing! The workers are very kind! And the environment is very pretty and comfortable! I absolutely love this place. | I think the picture is self-explanatory. Get the grilled chicken if you want to live like our ancestors and enjoy the raw meat 🍖 | Great variety and really easy to see potential food allergies.  Good labeling. | The best place in the Commonwealth of Pennsylvania. Pollock Commons has a spectacular Stepmania machine, pool + ping pong + arcade games+ a piano, better food than the other dining halls, and the cozi"
ChIJuw9nEpmozokRhw3lP0VS4LQ,Five Guys,"226 W College Ave, State College, PA 16801, USA",40.792731,-77.863182,(814) 238-3066,https://restaurants.fiveguys.com/226-w-college-ave,4.2,607,2.0,OPERATIONAL,American,True,True,2.6,"We ordered 4 sets of fries and this was all that we received. They were very small. No extra fries hidden in the bag. | I ordered two Bacon Cheeseburgers through website. However, the delivery was canceled due to the large volume of order and I did not get what I ordered at that time. The payment was still processed an | Ordered 2 burgers through Doordash. The patties were missing in both, and one of them had bits of sharp metal in it. Bad food is one thing, this place literally tried to kill me. The delivery bag was  | I visited here a few days ago with my husband. Since it was our first time, we were a bit confused about how to order, and we didn’t ask the staff for help. So, the burger we got was just the bun and  | Very pleased with this Five Guys location near Penn State University.  This was definitely a five star because of several reasons.  For one, the location is very well maintained and clean.  The staff "
ChIJRSI7qJiozokRkEyNfzh5ud4,Masala Palace,"120 E Beaver Ave, State College, PA 16801, USA",40.7937658,-77.8596853,(814) 238-8141,http://themasalapalace.com/,4.2,417,2.0,OPERATIONAL,Indian,False,False,4.8,"We had their great lunch buffet. I’m grateful that even though we arrived toward the end of their lunch hour they made more chicken, lentils and vegetables for us. And… the fresh made naan that they b | Nice authentic Indian cuisine.  Lunch buffet every day and supper buffet Fri-Sun.  Traditional menu also available.  Be sure to check hours as they close in mid afternoon.  No street parking on block, | A great place to enjoy the Indian Cuisine with all its diverse dishes and intensive use of spices. You can have a lunch buffet with your friends or family for an affordable and a reasonable price and  | I was glad to find Indian food especially vegetarian in State College. Ordered vegetable makhani, roti and mango kheer. It was delicious, finger licking.
Two days later ordered malai kofta, Kashmiri n | Tried the Lunch Buffet there in Apr 2018 when I was there with my team from India to participate in the E-Fest HPVC at Penn State University. The owner was really friendly, made us feel welcomed in US"
ChIJvYWt8qCozokRqNAhkLOkMEo,Uncle Chen's,"430 E Calder Way, State College, PA 16801, USA",40.7975901,-77.8551835,(814) 238-1985,http://unclechenstogo.com/,3.7,430,1.0,OPERATIONAL,Chinese,True,True,1.2,"Called in an order for pick up it was a plain lo main and plain fried rice I asked if they’d put broccoli in both dishes tossed in the same sauce. I get there go walk to the door there’s a guy passed  | Appears Friday night is not a good time to order delivery! The food was lukewarm upon arrival, and of poor quality. The fried rice was obviously just made and lacked body and flavor. Might have been f | Very rude customer service and will hang up on you if they think they know what you’re gonna say, delivery will usually take awhile and you can’t track em because they don’t use DoorDash. Fried rice h | This is the worst place I have ever been to I spent over $30 on 2 orders of chicken wings one with white rice one with shrimp fried rice. The wings on the website is completely different than what I g | Worst general tso chicken I’ve ever had. Soggy, dry, bland, and some pieces tasted completely different than others. I’m surprised how high the reviews are. Clearly state college residents have no per"
ChIJm2-Fs76ozokRGBciv9qcIkE,Domino's Pizza,"540 Westerly Pkwy Unit 19 Ste 19, State College, PA 16801, USA",40.7819239,-77.85296699999999,(814) 237-3030,https://www.dominos.com/en/?utm_source=google&utm_medium=loclist&utm_campaign=localmaps_menutest,3.0,260,1.0,OPERATIONAL,Pizza,True,True,4.2,"We order from here pretty often, and the food is always as ordered with no problems and on time which is great in itself. However, what really made me want to write this review doesn't actually have a | The things this restaurant is doing for the community and leading by example is commendable. Their stance on providing a hot pizza for people who don’t have EBT benefits this month is so selfless and  | For some reason this specific Dominos location stores its pizza dough in a way that greatly compacts it. The result is that a majority of the pizzas delivered from there are largely thin and flat rega | Good pizza. We often do the $7.99 carry out special (used to be $6.99) for $8 you can feed 3+ people with a pizza. Definitely worth the price.

Sometimes the quality differs between each employee. But | Great pizza & quick service. Love that they had seating for the kids to sit & wait for our order.  Comfortable enough they wanted to stay to eat :)"
ChIJGej6tKGozokRBCNn-iA5GJk,Yummy Cafe,"320 E Calder Way, State College, PA 16801, USA",40.7965482,-77.8573856,(814) 308-9826,http://www.statecollegeyummycafe.com/,4.1,142,2.0,OPERATIONAL,Breakfast & Cafe,False,True,4.8,"Had a **stellar** meal here with friends. Everything was delish, but the standouts by far were the flash-fried, shell-on shrimp dusted with cornstarch and SALTY DRIED GRATED DUCK YOLK (OMFG!!!), and t | I got the  cold spicy sriracha noodles, and my other half got the spicy beef with veggies. We also got dumplings. 10/10 Would get the cold noodles again. They also have this amazing green tea. Everyth | Overall, this place was pretty good. I can say the  steamed pork buns were out of this world good, as well as the orange chicken. I got the dirt rubbed pork feet and I can say it was not worth the pri | Had a great meal here and service was amazing. Will definitely be back for good asian cuisine. | i love this little shop. always feel good, food tastes great, and love coming here. if youre looking for somewhere new, try yummy."
ChIJZer94xymzokRRz-fbddQkbY,Burger King,"The Pennsylvania State University, University Park, PA 16802, USA",40.7982204,-77.8616322,(814) 865-7623,https://burgerking.com/store-locator/store/restaurant_11933,3.9,54,1.0,OPERATIONAL,American,False,False,2.8,"Sometimes I feel shocked at how ordering one single burger could cost you wait 25 min | 3 stars only because of an early closing time at 4. Like, this needs dinner time too. It’s Burger King, so what you expect from a Burger King is what you will find. I happen to like Burger King, and t | Got a ""Big"" Fish sandwich meal about the size of a pb&j. Paid $7 dollars to be hungry 3 hours later. Nothing against this particular BK but against them in general. The workers here are nice enough. | I like Burger King much more than McDonalds, mostly because they have a good vegetarian burger. I come here every few months when I really want to have some burger with fries. They are quick and you k | It is better than mc actually. In any case it should be better."
ChIJpwPoIB6mzokRBLPM8-t344w,Beijing Restaurant,"452 E College Ave, State College, PA 16801, USA",40.798848,-77.85555029999999,(814) 278-7560,http://bjosaka.com/,3.5,106,1.0,OPERATIONAL,Chinese,False,True,4.0,"I don’t think there was anything special with this place. It wasn’t bad, but it wasn’t the best either. The meat and veggies were solid, but the rice was pretty bland and loaded with onions. There are | Fair Chinese food here. It is not very authentic but overall is not bad. If you pass-by by any chance, you can give it a try. | Consistently provides high quality dishes at a reasonable price - we're never nervous to try something new each time we order. Even through delivery, our food arrives warm and delicious! 10/10 will do | Decently priced, decent food. Would go again! | Best General Tso's in town! They've got the good, deep red sauce with all the flavor. Food is always super hot and comes out fast. Great fried rice, tasty egg rolls with great texture, good won ton so"
ChIJWVog37yozokRVgDMrlbRA4g,Brother's Pizza,"238 W Hamilton Ave, State College, PA 16801, USA",40.7874516,-77.85634120000002,(814) 237-6000,https://www.brotherspizzaofstatecollege.com/?utm_source=gbp,3.2,188,2.0,OPERATIONAL,Pizza,False,True,2.8,"Today was my first time going, and my boyfriend and I had such a great experience! The owner was very kind, and he definitely stays busy! He takes the order then goes back and makes everything, so you | The guy who owns this is a straight up miserable nasty person. My friend went to get one slice and they had a $8 minimum. When my friend came back without pizza and let me know, I decided I could eat  | Well our pizza was supposed to be half pep and half pineapple but as you can see from the photo it must have been thrown around during delivery. The pizza had almost no sauce but the pepperoni and cru | STAY AWAY FROM THIS PLACE! I Would give negative stars if possible!
Openly rude and treated poorly even after ordering! So we decided to leave. Definitely NOT GAY FRIENDLY either. Not one person was i | My favorite pizza in all of State College, and the place hasn’t changed a wink in almost 30 years! Love the nostalgia, it’s th perfect pizza if you’re used to Philly/NJ pizza."
ChIJfbRwhqCozokR2OtQRSTVYmk,Pita Cabana Grill,"334 E Calder Way, State College, PA 16801, USA",40.7967536,-77.8571176,(814) 205-9166,https://pitacabanagrillpa.com/,4.2,368,1.0,OPERATIONAL,Mediterranean,False,True,2.8,"Great for people with dietary restrictions, good vegetarian options, generous portion sizes all for a good price! Pictured here is a small falafel bowl with extra toppings- they didn’t charge me extra | Definitely a great place for Mediterranean food. The quantity they give is huge. Hummus and baba ganoush exemplify the taste. We took rice bowls and felt very heavy. I think sandwich is a better optio | Ordered chicken shawarma plate and was so bad, it was the end of the shawarma that they have and most of the chicken I got was fat and skin which is disgusting for me.
Also ordered Falafel rice plater | Is Pita Cabana authentic? No. I must have had hundreds of gyro/doner/shawarma in my life and have never seen shawarma served like this (meat with cheese and toasted like a quesadilla).
Ok, but is it t | I’ve never in my life have been so disappointed. I do not like ketchup and getting it ALL OVER my shish tawook is insane. Platters are NEVER consistent and I just want to know who thought this was ok?"
ChIJi4zEDKCozokRjCTx6EHrpKo,Panda Express,"HUB-Robeson Center, 201 Old Main 7, University Park, PA 16802, USA",40.7982,-77.86149999999999,(814) 861-6009,https://www.pandaexpress.com/locations/pa/university-park/502?utm_source=google_gbp&utm_medium=organic&utm_campaign=websitelink,3.9,239,1.0,OPERATIONAL,Chinese,False,True,2.6,"It’s Okish store for getting food. The meat tasted ok but the 1 star was given due to the reason of we were served with partially cooked rice!. The one in the pic was cooked ok but the other bundle we | I got this crispy almond chicken breast, and I am so embarrassed with this 5 pieces…
The rice is not fully cooked. It’s like pebbles. Too hard to chew and even the sauce is not fully mixed.
The price  | Pretty good Chinese food for the quantity and price! | The food is good. But they use a lot of sugar in the food i think. Anyway, it can be tried. | $9 with tax for a small bowl of dry noodles and a scoop of chicken. (pic is partially eaten). price should be adjusted because this is just not it man."
ChIJffukuKCozokRBg_OwligzQk,Zen Wings and Things,"433 E Beaver Ave, State College, PA 16801, USA",40.7975414,-77.855081,(814) 308-8048,https://orders.imenu360.us/zenwingsandthings/,2.4,66,1.0,OPERATIONAL,American,True,True,5.0,"By far the best wings in State College. This place is awesome. The boneless wings are crazy good and very reasonably priced. The service is excellent and the owners are always super nice. It is also a | Holy Toledo.

Zen wings.

Thats really all i need say.  the wings here were so awesome I almost fell apart like if you kicked a bick stat of legos over.  um I ate wings here and thy were insane. .  th | It's not very often that I rate 5 stars... but this place deserves that and more. Minutes within placing my online order, they told me they were out of onion rings (which I do want to try at some poin | When I say I’ve never had a more orgasmic experience from consuming food, let alone chicken wings, I have never been more correct. I ordered their dry rub jerk and spicy spicy and I was taken to nirva | I think it’s important to recognize that many of the bad reviews of this place are from years ago. If you’re expecting a standard American wing experience when you come to this place, you’re already c"
ChIJb3Uc86CozokRaFlYdgkgKJU,Sharkies Bar & Thrifty Bottle,"110 Sowers St, State College, PA 16801, USA",40.798078,-77.85571449999999,(814) 238-3566,,4.2,224,1.0,OPERATIONAL,Bar & Pub,True,True,2.0,"Dear Sharkies,
This is a love letter, from an alumni:

My friends and I were brave to venture into Sharkies, always under desperate times, which included: bar crawls (mandatory stop if you want to com | Sharkies has fallen off so hard, no more parking, no basement, pool tables and cues are missing at worst; broken at best.

Used to love going here and had great interactions with staff. Nowadays I hav | I’ve never had such a personalized experience at a bar since I met Paulie from sharkies. Although it wasn’t necessary, Paulie came over to our table when he was bartending to see if we needed anything | My overall grade for Sharkies Bar is: D

1 person to scan IDs

1 person behind the bar

Service is horrible.

Outside seating is nice, but not really a people-watching area.

Just an ok experience | Closed early for 3 day weekend and let you order drinks right before close. No care for customers"
ChIJ6_gXJ5mozokRC0wg4AKM-ns,Fiddlehead,"134 W College Ave, State College, PA 16801, USA",40.79358,-77.8624699,(814) 237-0595,http://www.fiddleheadstatecollege.com/,4.3,198,2.0,OPERATIONAL,American,False,True,5.0,"Fiddlehead is easily one of the best-rated spots in State College, and it makes sense why — the salads are genuinely fresh, high quality, and made to order with tons of topping options. Everything tas | I am constantly visiting this restaurant in State College. I don’t know any other restaurant with a salad bar better than this one. Everything they serve is healthy and fresh. They also prepare soups  | If you're looking for a salad the size of your head and loaded with toppings, this is the place. You can order directly from the menu, mix up a menu item or do a 'create your own.' There are tons of o | So good! Tried this place out today and got a build your own salad and I was so happy with the options for toppings and vegetables. I will definitely be back! | Yes you'll pay between $9-$12 for a salad but the salad is pretty big and the ingredients are fresh. You can choose from the preselected salads or you can make your own. The wait is semi long during l"
ChIJ8_Qb-ZiozokRD7F9pX03yyo,Margarita's Pizzeria,"222 W Beaver Ave Suite C-2, State College, PA 16801, USA",40.7919933,-77.8620646,(814) 235-3060,,4.7,243,1.0,OPERATIONAL,Pizza,False,False,5.0,"While in town for a family trip, we decided to skip cooking and ordered pizza from Margarita's. It was really good. When I went to pick up our order, the owners were incredibly friendly and struck up  | I went to Penn State for 6-7 years (don't judge me) the previous decade. Margarita's was my go-to!

Embarrassingly, I really don't have much to say about their pizza, I've actually never tried it.

HO | Great food and friendly staff.  Unfortunately since they are not open on weekends I rarely get to enjoy their pizza.  When I worked downtown I ate lunch there at least once a week | Some of the best pizza I’ve had in State College. The owners were nice and seemed like they were close with their regular customers. I had plenty of leftovers for the next few days. There is a $10 min | People here are super nice. Had a great conversation with one of the owners about her Italiy trip. Pizza was excellent. Solid slice. Sauce very good. Great Place. I would go again next time in Happy V"
ChIJJbvniKCozokR4daSh2dRIUA,Penn Kebab,"418 E College Ave, State College, PA 16801, USA",40.7980525,-77.85643400000001,(814) 308-8770,http://www.thepennkebab.com/,4.5,317,1.0,OPERATIONAL,Halal/Middle Eastern,True,True,5.0,"It’s been almost 2 years since I graduated college and I still think about this amazing place. The food is delicious and always hot and ready. The owner is a wonderful, pleasant man happy to serve his | Personally the best kebab in state college! Especially is you are used to the European style kebab rather than the American gyro. | Chicken gyro was phenomenal!!Make sure to try it if you happen to be at state college | My favorite food spot in state college. Been a fan since they opened 10+ years ago. | This is our favorite place to grab a quick bite downtown. The owner is extremely friendly and treats us like family. He puts so much care into his food. Highly recommend!"
ChIJPXgkIR6mzokRkC7xFmBtXyc,Subway,"Pegula Ice Arena, 829 University Dr, University Park, PA 16802, USA",40.8066749,-77.85694649999999,(814) 954-7404,https://restaurants.subway.com/united-states/pa/university-park/829-university-drive?utm_source=yxt-goog&utm_medium=local&utm_term=acq&utm_content=56531&utm_campaign=evergreen-2020&y_source=1_MTQ5MDkxMTMtNzE1LWxvY2F0aW9uLndlYnNpdGU%3D,3.8,21,1.0,OPERATIONAL,Sandwiches,False,True,2.6,Very friendly but sometimes staff is in the back and it takes a while to get their attention | The person who was making my sub didn't clean the knife used to cut the sub before mine. So all the residue from the previous sub went onto my sub. The person ahead of me got a bunch of pickles on the | Horrible service said that they won’t toast my sub even though the toaster was clearly working and was behind the ready to be used. The person serving me the sub was unable to properly put cheese on m | Was at the McCoy Natatorium outdoor pool for a swim meet this weekend. The host swim wasn't allowed to have concessions because of PSU rules. Your store is the closest food to the pool. Closed all wee | Subway is awesome. Good people
ChIJY0vT1IKozokRqAsEESSjauU,Triplett's,"200 W Park Ave, State College, PA 16803, USA",40.7968778,-77.87088059999999,(814) 865-8580,https://thenittanylioninn.com/tripletts/,4.5,213,2.0,OPERATIONAL,American,True,True,5.0,"Triplett’s Bar is an awesome place to unwind at Penn State! The atmosphere is fun, relaxed, and welcoming — the perfect spot to grab a drink after a long day. Huge thanks to Michelle and Andy, the bes | Andy is a Bloody Mary genius!  A double Tito’s spicy- garnished with fresh jalapeño, olives and tajin rim. The atmosphere was especially warm and friendly- Kolby has the best personality and makes you | Drinks, food, and service were amazing! We had chocolate and espresso martinis with some appetizers. Hannah was extremely attentive and a lovely server! Absolutely delicious and would return again wit | Food was amazing, I ordered the Caesar salad with shrimp scampi. The shrimp were cooked perfectly! Perfect texture.
I ordered my Old Fashioned with Angle Envy. I was thinking it would be stronger but  | A little noisy but then it is a bar . Good variety of flavorful food. The wings are a “must try”…tasty, moist and meaty. Have had all the menu items. All great. Nevertheless, it is the alcoholic bever"
ChIJ-XE4Jx6mzokRv3NophvUGns,Osaka,"450 E College Ave, State College, PA 16801, USA",40.7988063,-77.855582,(814) 278-7561,http://bjosaka.com/,3.1,70,2.0,OPERATIONAL,Japanese,False,True,2.6,"We really enjoyed the sushi we got on Valentine’s Day.  Very fresh and quick preparation.    Delivery was very fast.    Restaurant does their own delivery and the delivery driver was courteous.   We w | I only order here because Uber Eats hada promo of buy one get one free. I ordered this and they only gave me one item. When I confronted them about it, the manager tried to gaslight me saying that is  | Ordered Uber eats, it took an hour. Crab rangoons were good, but they’re good anywhere. Ate almost all. Vegetable lo mein had about five pieces of vegetable, was bland and tasted old like someone micr | They don't have a dining service open, only to go. We used the searing area to have our dinner. The taste was okay but too expensive considering the food quality. We ordered hibachi, but the food wasn | Got the hibachi to go. First the guy at the front completely forgot to add my part of the order onto our tab. Then when I arrived and said we had ordered fried rice and a chicken hibachi he just flat "
ChIJc8UbpZiozokRjK7d6eaAw2Q,Famous Ernie's Steaks,"111 E Beaver Ave, State College, PA 16801, USA",40.7937328,-77.86012939999999,(814) 238-4253,https://erniesfamouscheesesteaks.com/,3.5,47,,OPERATIONAL,Sandwiches,True,True,4.4,"Ernie’s is an absolute treat you must try at least once living in the state college area. The ribeye they use is top-quality and their bread is great. Make sure you get their cheese whiz as it’s on po | Famous Ernie’s Steaks is a nice little spot in State College with good service and friendly staff. The place is pretty small, so you might have to wait outside during busy times, but the line moves qu | I love their burgers but the cheesesteak hasn’t been hitting lately. I found that the cheesesteak had too many onions that weren’t properly diced and the ratio between meat and onions was off and the  | This restaurant has the best cheesesteaks in State college hands down. Penn Steaks and the other irrelevant shop next to maxxen is nothing compared to this. Go here trust | Fantastic Cheesesteaks! Always a go to spot for me when I’m back visiting Penn State! My wife is vegetarian and loves their Portobello cheesesteak too!"
ChIJY0vT1IKozokRxl4HzBdnTxY,Lionne & 1855 Lounge,"200 W Park Ave, University Park, PA 16803, USA",40.7969582,-77.87082099999999,(814) 865-8500,https://thenittanylioninn.com/lionne-and-1855-lounge/,4.3,139,,OPERATIONAL,American,False,True,3.8,"The food was good. The sweet potato fries were delicious . We had desert. I had crab cakes with Caesar salad. | Lionne is in the Nittany Lion Inn.  We stayed there for the weekend and dined in the restaurant on three separate occasions.  We ate breakfast twice and dinner once.  Each meal we had was excellent.   | The wine selection has seriously declined.

I've visited Lionne numerous times since they opened, and it’s become one of my go-to spots in State College. After returning to town for the school year, I | We made reservations with Lionne for 2025 Thanksgiving at 3pm for a party of three. Their Thanksgiving this year was an entree selection with an unlimited selection of sides and a dessert buffet.

We  | The service and food were amazing.  Ryan was our waiter and Alyiah was his assistant.  The prime rib was delicious."
ChIJmYdO8C6pzokRJn1Jvg8IdWs,Sichuan House,"147 S Allen St, State College, PA 16801, USA",40.7937297,-77.8602997,(814) 231-8801,http://www.sichuanhousepsu.com/,3.5,46,2.0,OPERATIONAL,Chinese,False,False,4.8,"Good choice for Chinese food, three sides one entree for $13 and only $11 if you buy their cards. Sometime the bad thing is they will give you super small portion of side during rush hours and you hav | Good taste, fast and kind service. The moment I walked into the restaurant my mouth started watering. Thick pieces of chicken and lovely long strips of beef. Veggies are fresh and the sauces are scrum | The Sichuan house reopened last two months or so. Still very popular and cheap. The price of the meal is 10.55 with credit card payment.
Two years ago:The waitress is really nice. And the food is quit | Perfect college town Chinese lunch shop. Food is delicious and hot with generous servings. No frills! Bring cash. | I work downtown and while doing some holiday shopping on my lunch break decided to give this place a try (smelled delicious from the street). It did not disappoint and the portions were generous, fres"
ChIJf9NQmeepzokRiiQ19clOBx8,Sher Hot Chicken,"145 S Allen St, State College, PA 16801, USA",40.7937867,-77.8603778,(582) 220-2346,https://sherhalalfoods.com/,4.3,119,,CLOSED_TEMPORARILY,American,False,False,4.8,"Spacious, well-decorated and generally clean. We ordered fried chicken and burger. Burger was big, juicy and tasty.  Fried chicken was salty and the drumsticks were dry. A few sauces were given but no | We first found this little gem on First Night. We decided to give it a try. All of our food was hot and delicious. This past weekend, we had to run some errands, my son asked if we could come here to  | Chicken shawarma had me floating. Wife had to pull me back down to earth by the ankle. Don’t have a picture to upload because I ate it too fast. You just have to take my word for it. It’s not a weirdl | The Waker Chicken, previously known as Koop, once offered hot fried chicken wings that my wife and I loved. However, they removed them from the menu after a short period. When I heard about this new s | We were passing through state college in the late afternoon. All the buffet restaurants were closed. We tried the 10 pcs chicken at 18$. It was amazing. The flavor and spices were well balanced (a lit"
ChIJ9ZdAqZiozokRlXff-abZryI,OLD GOLD PIZZA,"State College, PA 16801, USA",40.7938727,-77.8598806,,,,0,,OPERATIONAL,Pizza,False,False,,
ChIJSxorcgCpzokRDL_JdfMrvgM,Brothers Bar & Grill,"134 S Allen St, State College, PA 16801, USA",40.7934808,-77.86092769999999,(814) 996-1909,https://www.brothersbar.com/,4.7,707,1.0,OPERATIONAL,American,True,True,5.0,"We had a great time at Brothers! We were visiting the campus for our son who is interested in Penn State and catching a game too. We decided to get some appetizers and drinks to hold us over for game  | I had a wonderful experience at this restaurant, largely thanks to our waitress, Liv. From the moment we sat down, Liv was attentive, friendly, and incredibly helpful. She had great recommendations fr | My experience at brother’s bar & grill is definitely one to write home about! Not only was I served with a smile, but also efficiency. If I had to pin one member of the staff that really enhanced my e | Stopped in for a late lunch...love the atmosphere! Food was super delicious and the waitress was so kind to help with menu selections! Definitely worth a try! We were here on sprung break week so ther | The first girl bartender left and never came back to take our order. Then a guy came over and when I say he does not play about his job. He got to work. I never been somewhere where the drinks are $1 "
ChIJ_W__DE2vzokRVE4oebDtk7Y,Subway,"1700 S Atherton St, State College, PA 16801, USA",40.7845957,-77.8347351,(814) 826-2460,https://restaurants.subway.com/united-states/pa/state-college/1700-s-atherton-st?utm_source=yxt-goog&utm_medium=local&utm_term=acq&utm_content=16486&utm_campaign=evergreen-2020&y_source=1_MTQ5MTIwMDEtNzE1LWxvY2F0aW9uLndlYnNpdGU%3D,3.6,71,1.0,CLOSED_TEMPORARILY,Sandwiches,False,False,1.6,"Update: Closed at 1130am in Saturday. No sign, no explanation.

Saturday 11:30am, I was the only customer. Nice and quiet. Staff member took my order and made it promptly. Food was great although the  | Large Subway inside with plenty of seating. There was only one worker, so it took a while to make our subs. He was efficient, though. Chips and soda fountain were right at the door to leave. One highc | This used to be a good place. But the last few months have seen it go downhill. They don’t fill our online orders. They are frequently out of various ingredients. They are sometimes just randomly clos | My wife called on Friday to order subs for a church event on Sunday. They agreed on picking the subs up on Sunday morning at 10:15am. When we got there Sunday morning to pick up the subs, it was close | Drove from the Lewistown to state college for subway and this location as well as the other one downtown were both closed before the listed hours ... Kindly fix your shit ..gas isn't free or cheap to "
ChIJDcBcerGozokR5vOAUuQAJ10,Papa Johns Pizza,"1341 S Atherton St, State College, PA 16801, USA",40.7850606,-77.8426223,(814) 234-7272,https://locations.papajohns.com/united-states/pa/16801/state-college/1341-s-atherton-st?utm_source=gmb&utm_medium=organic&y_source=1_MTA2OTMwODEtNzE1LWxvY2F0aW9uLndlYnNpdGU%3D,3.7,237,1.0,OPERATIONAL,Pizza,True,True,2.4,"never had issues before… waited extra  30 minutes after they said 5 minutes and forgot to make a pizza. Guy making the pizzas never washed his hands after touching money. no apology… waited for the pi | Our pizza was good. I expected great from a pizza chain. | The worst pizza ever. Hugh crust, hardly any sauce, bubbles all over. Just aweful. Would rather pay full price and get a good pizza. So disappointed. Regular crust you can see thru! | Pizza keeps getting worse. How? And tonight, in addition to mediocre pizza, they threw in a few strands of hair. Someone is not doing basic kitchen hygiene.
Lots of others say the Domino's at Weis on  | I haven't been here in years, but we always swore that this Papa John's tasted better than any other we had been to. There's something about it that's different. We went here for years when visiting m"
ChIJ15xV77KozokRQAqGmZifsas,Sakura,"1525 S Atherton St, State College, PA 16801, USA",40.7855707,-77.83777789999999,(814) 234-1566,http://www.sakurasushistatecollege.com/,4.2,444,2.0,OPERATIONAL,Japanese,False,True,4.8,"I've tried to sushi twice and I have not had any complaints yet. I haven't dined in but going inside to grab my food, the atmosphere is cool. It gives real low key type of vibes. A place to relax and  | Sakura is our favorite local sushi place. They are always friendly and service is fast. They are also very good with gluten-free requests. Staff can tell you exactly what is safe to eat, and most roll | Flew into late, but Sakura was open until 2130. Pleasant staff. Good food. Sweet potato tempura was good. The steak and salmon hibachi was delicious. Spices tuna roll was good. Pumpkin cheesecake (to  | The food was soooo good! I ordered the teriyaki shrimp bento box, so clever! Nice atmosphere, not too busy on a Monday evening, and staff was friendly! Will definitely be back on my next visit through | Excellent Japanese food in State College. We had an appetizer and a main dish each and it all came reasonably fast and it was amazing. The place is very well put together too, and the staff is nice an"
ChIJI4e2nKCozokRKzF2tXX4z_8,McDonald's,"2167 S Atherton St, State College, PA 16801, USA",40.785236,-77.8300063,(814) 231-6644,https://www.mcdonalds.com/us/en-us/location/PA/STATE-COLLEGE/2167-S-ATHERTON-ST/3784.html?cid=RF:YXT:GMB::Clicks,3.5,879,1.0,OPERATIONAL,Fast Food,False,True,1.8,"I ordered the fish filet sandwiches. The current deal is 2 for $6. I am an occasional cheese eater. I usually order my sandwiches without cheese. But Mickey D's, how are you selling sandwiches with a  | Came to get French fries in the drive threw got a small fry large fry a mocha frappe with no whipped cream a fudge Sunday bbq,ranch and spicy buffalo. I got home to open my food and eat and the fry is | Waited 2 hours for our delivery and when we called the man who answered was so rude and sassy for no reason and did not care about the fact that we payed literally $50 for 2 grinch meals like a girl j | Order was delayed for two hours and my delivery person said I should try to contact the restaurant. I had no idea what was going on so I calmly contacted the restaurant about what may have happened, b | This McD has a couple issues. Kiosk ordering indicates that you can only pay here-credit card, but at the end, it says ""cashless failed, see front counter."" Table tents aren't available, but it makes "
ChIJfXA12rKozokRgGofwbWvSuU,Plaza Mexican Bar & Grill,"1550 S Atherton St, State College, PA 16801, USA",40.7847901,-77.83761249999999,(814) 954-7451,https://plazaazteca.com/state-college/,4.5,2084,2.0,OPERATIONAL,Mexican,False,True,5.0,"When you are hungry for Mexican & Margaritas this is where we go lol…

We always get table side guacamole 🥑
Queso 🫕
San jose burrito 🌯
Prickly pear 🌵
Guava

Best margaritas & Mexican hands down …

Chr | I’m a Mexican living in the US, always looking to find a good place that takes me back to my place. I loved the food, carne asada was perfect, best guacamole I’ve tried here and the napolitana flan wa | We love Plaza so much, it’s always an amazing time! Tonight our sever was Biniza and she did a great job. She was so attentive and kind, made the experience even better. The food was amazing as always | Ordered takeout and it was ready pretty fast. I got the Birria rolls and fried ice cream. The Birria rolls were full of meat and had so much flavor. The fried ice cream was great. Definitely great val | One of the best Mexican restaurants in town, the food is always good and the portions are always more than I can eat."
ChIJ4UpLLU2vzokRvWl3DsTHCY8,The Bistro - Eat. Drink. Connect.®,"1730 University Dr, State College, PA 16801, USA",40.78441730000001,-77.83733749999999,,https://www.marriott.com/hotels/hotel-information/restaurant/scecy-courtyard-state-college/?scid=f2ae0541-1279-4f24-b197-a979c79310b0,4.4,5,,OPERATIONAL,Bistro,False,True,4.4,Bean is an awesome bartender. Had alot of fun. I was just my friend and I on a girls trip. She was really sweet and funny | Limited options in terms of food and drinks. Servers are friendly.
ChIJT555DE2vzokR839zF6otg6w,The Honey Baked Ham Company,"1724 S Atherton St, State College, PA 16801, USA",40.7845683,-77.8346845,(814) 272-4267,https://honeybaked.com/stores/2102?utm_source=gmb&utm_medium=google&utm_campaign=honeybakedham_soci&utm_id=SOCi,4.6,122,2.0,OPERATIONAL,Deli & Specialty,False,False,5.0,"For decades, Honey Baked Ham in State College, PA, has been the favorite restaurant for my family to get a delicious meal in a welcoming atmosphere with friendly staff who know us personally and treat | Honey Baked Ham is a hidden gem of State College. Their pulled pork is amazing!! I tried the  broccoli bacon bliss for the first time and WOW it is amazing!! 10/10. The Manager Jasmine was very friend | I've been buying half hams for several years.  Mostly for Christmas and Easter meals.  The hams never disappoint.   They are always moist, flavorful and perfectly prepared.  Pick ups are well organize | Staff is incredible and the atmosphere is cozy. I got the chicken pot pie special and it tastes like I’m eating at my grandma’s house. Will definitely be back!! | The manager of this store may be the nicest person I have ever encountered. 5 stars just for her. The food is always good as well."
ChIJnYyUBE2vzokRl7ZNWPRN3eI,Rothrock Coffee,"1736 S Atherton St, State College, PA 16801, USA",40.78445749999999,-77.8346017,(814) 510-9119,http://www.rothrockcoffee.com/,4.6,330,2.0,OPERATIONAL,Breakfast & Cafe,False,True,4.2,"One of my favorite weekend breakfast spots in State College. The Americano is super smooth and never tastes bitter, which I really appreciate. I usually get it with the avocado toast, and it never dis | Very nice coffee shop. Very friendly staff. The coffee was slightly sour. The peach toast I got was really good. Very solid crunch on the bread. The protein smoothie was my favorite. | Food: 4.5/5 ✨ - Definitely better than your average biscuits! A little char, but we don't mind it (that's a matter of taste - I'm sure you can request a light toast to the biscuit). The lattes are nic | The lady at the register was so rude. I ordered a toasted marshmallow latte and then watched the barista fill the cup up 99% full with milk. When trying it, it was ghostly white, basically just flavor | The bad reviews on here are LIES. All the staff are incredibly nice and accommodating!! I love all their toasts and special pastries, you can tell they put a lot of thought into making the idea and ac"
ChIJxTGidLGozokRogdtRvkQDzg,Dunkin',"1311 S Atherton St, State College, PA 16801, USA",40.7847731,-77.8438092,(814) 308-8032,https://locations.dunkindonuts.com/en/pa/state-college/1311-s-atherton-st/354065?utm_source=google&utm_medium=local&utm_campaign=localmaps&utm_content=354065&y_source=1_MTIxMTQzMDUtNzE1LWxvY2F0aW9uLndlYnNpdGU%3D,4.0,341,1.0,OPERATIONAL,Breakfast & Cafe,False,True,2.2,"They gave me a half empty iced coffee. When I asked them to fix it they just filled the cup with ice. When I asked them to remake it cause it has way more ice than a normal drink would have. When I as | I’ve never had a drink from here be actually good.why does my chai latte taste like coffee?? The bacon egg and cheese bagel had grease dripping and then made me sick for days. Drive the extra 5 minute | They are the best! They have wonderful staff and helped us feel welcome our entire visit. Also the food was DELICIOUS | My wife ordered a breakfast sandwich with sausage, and got bacon instead. The bacon was undercooked and floppy, not crisp at all. The hash browns were soggy and fell apart when we tried to dip them in | I usually don’t leave reviews, but I feel it’s important to speak up about the poor management at this location. The manager, Alexis, is consistently rude and unaccommodating toward customers. She ref"
ChIJxyZWQE6vzokR7ortuO-Wu_k,Taco Bell,"100 Rolling Ridge Dr, State College, PA 16801, USA",40.7849386,-77.82897729999999,(814) 238-3335,https://locations.tacobell.com/pa/state-college/100-rolling-ridge-drive.html?utm_source=yext&utm_campaign=googlelistings&utm_medium=referral&utm_term=032215&utm_content=website&y_source=1_NjE0NzQyMy03MTUtbG9jYXRpb24ud2Vic2l0ZQ%3D%3D,3.6,683,1.0,OPERATIONAL,Mexican,True,True,1.8,"honestly, not bad at all. They were clearly short-staffed but still moving fast, and my order came out hot and correct. No missing items, no sloppy mess. Lobby was clean, vibe was chill, and it didn’t | Waste of money, good way to lose customers in 2025, way too expensive for 1oz of beef lol. Absolutely outrageous a manager or whoever in charge let 3 tacos of this caliber leave the kitchen... Everyon | Arguably the worst TB experience we've had. They shorted us a cheesy roll up. The crunchwrap supreme was cold. Two hard tacos were crushed (see photo). Two other tacos were supposed to be fresco style | serious quality control issues at this location. they mess up my order every time I go here. today my steak fries didn't have steak on them. | Not only do these people not care enough to make quality food they spray chemicals near their food. For 3 years we’ve tried to let them know that the tortilla chips and crunchy tacos sometimes have th"
ChIJ7eDJt5iozokRESlT9wfgbjM,Jersey Mike's Subs,"2135 S Atherton St, State College, PA 16801, USA",40.785789,-77.83031799999999,(814) 954-7591,https://www.jerseymikes.com/8007/state-college-pa?utm_source=google&utm_medium=organic&utm_campaign=listings,4.5,281,1.0,OPERATIONAL,Sandwiches,False,True,4.8,"The staff was friendly and helpful. It was my first time at a Jersey Mike's and of course they had some recommendations for me to try, I was not disappointed. I will absolutely be going back the next  | It's a Jersey Mike's. I would give it 5 stars but why is there no toaster?! I want my sandwiches toasted! I do also wish there was a little more customization and topping options, but overall they hav | Awesome staff and great quality food! Ryan the manager is an awesome guy that seems to really care about the store and his staff. Definitely recommend. | Very grateful for the gluten free roll option. The turkey and provolone Mike's way was great, plus great pickles. | Upon my arrival, I was immediately greeted with a friendly hello from an employee. I've had Jersey Mikes food in the past, but this was my first time for a dine in. To be honest, I was expecting a typ"
ChIJM80XGwKpzokRSE1IyRVlQaw,Celebrities,"1450 S Atherton St, State College, PA 16801, USA",40.7843394,-77.83994430000001,(814) 235-1303,https://www.celebritiesbarandgrill.com/,3.5,19,,OPERATIONAL,Bar & Pub,False,False,3.4,"Had a great time at Celebrities Bar in State College. The atmosphere was relaxed and lively, and the service was top notch. Our bartender Jen was absolutely fabulous, very attentive and friendly, and  | We had the burgers and pizza.  The pizza was not up to quality reflected in the price.  It reminded me of the box chef Boyardee pizza in a box.  Just didn't taste fresh at all.  The burger sliders wer | Ok I do like this place but their lunch buffet (which they recently started) has some hiccups.  They had tartar sauce out in  dish but not kept on ice.  I said something about that and was told it was | My daughter and I tried this restaurant due to its proximity to our hotel.  We were impressed!.  Our server Tatiana was so helpful, and the food was great.  We split the shrimp over angel hair and it  | Bartender had some kind of vendetta against everyone who was trying to just order anything at all. Took like 10 mins to get a drink and another 10 for a menu. Waited AT LEAST 45 mins for food. Just li"
ChIJu3-dGyevzokR5Rq0t1Fkj-c,KFC,"1780 S Atherton St, State College, PA 16801, USA",40.784567,-77.833998,(814) 325-7027,https://locations.kfc.com/pa/state-college/1780-south-atherton-street,3.2,554,1.0,OPERATIONAL,Fast Food,False,True,2.0,"I haven’t been to a KFC in at least a decade before this visit. The food was just as I recalled. I got a 3-piece crispy chicken meal with cole slaw and a biscuit. I liked it a lot! The stores have cha | Kentucky Fried chicken has never got an order right for me. I ordered two piece chicken dinner today with coleslaw told them I wanted coleslaw no mashed potatoes and I got 2- 2piece dinners. One of th | Yeah, it's better to get a chicken somewhere else. We made an online order about 45 minutes before closing time. When we arrived, they threw an order package on the counter. The wings themselves are s | Absolutely disgusting food and service. I ordered a chicken sandwich and they put soggy chicken nuggets in the sandwich instead of what was advertised. Take a look at the picture and judge for yoursel | update：It happened again. The only way to make the restaurant better is to fire all employees except the chef.

I placed a mobile order with KFC today and drove 20 minutes to pick it up, only to be to"
ChIJ951gerGozokRcpwrFiOSCj8,Lychee Chinese Restaurant,"1341 S Atherton St, State College, PA 16801, USA",40.7849856,-77.84289369999999,(814) 308-9198,https://statecollegelychee.com/?utm_source=gmb&utm_medium=referral,4.2,234,1.0,OPERATIONAL,Chinese,False,True,4.0,"One of the best takeaway restaurants.
The food is fresh, tasty, the portions are big and you get great value for money.
In the picture are the chicken broccoli, chicken sesame and ma-po tofu dishes.
W | Lychee used to be so good. It's gone so far downhill. They're very close to my house so I have given them several chances. Most recently I paid $22 for a seafood dish that was almost entirely broccoli | Nice and clean and mostly suitable for take out. They do have two 4 person tables there. We sat and ate as we were on the way to somewhere. Service was nice and quick. Disposable plates and cutlery is | Wow, Every thing on menu is top notch. Not like some places where certain things are good. I mean everything on the menu is awesome. It is a simple store front with only two tables but do not let that | The food was great.   I am usually not a fan of spring rolls but these were a perfect golden brown.  I wish it was located in a different area as its heading out of town and there is only a very small"
ChIJxXBXPCKvzokRn_LaARTeaXw,Sheetz,"120 Southridge Plz, State College, PA 16801, USA",40.7844937,-77.8317491,(814) 996-0003,https://orders.sheetz.com/findASheetz/store/475,4.2,385,1.0,OPERATIONAL,American,True,True,1.8,"This location only has one air pump as far as I could find. It's poorly marked (so maybe there are others too that I just didn't see?). Otherwise a good experience, just like every other Sheetz. | Order #262 today. It was busy; I definitely get it. But I implore you to focus on quality control at this South Atherton Street location. Ordered a whole turkey sub w/ lettuce, tomatoes, cheddar, and  | If you order online, don't. I got a drink and, over 2 hours later, it's still being made. I can't even cancel the order. | Always a wait for a cashier at this sheetz, must be too cheap to hire people. Maybe sheets should up their pay scale so customers don't have to wait when there is no line. | Went in to use the restroom and get something to eat got on a pizza and it was hard on bottom and waxey in the middle and it burnt my wife's mouth"
ChIJ65BfdgivzokRx9O_r20n3iE,Chipotle Mexican Grill,"1880 S Atherton St, State College, PA 16801, USA",40.7841657,-77.830452,(582) 220-9651,https://locations.chipotle.com/pa/state-college/1880-s-atherton-st?utm_source=google&utm_medium=yext&utm_campaign=yext_listings?restaurant=5621,5.0,2,,OPERATIONAL,Mexican,False,False,5.0,"Great service, super well-kept, and had everything in stock! Everyone was nice and asked all the questions they needed to. They were quick to restock low items. It’s hard learning a new position, but  | Went for their soft open yesterday, well I didn't know it was until I arrived.  Was greeted at the door and welcomed in, such a nice experience! Food was fresh and the team working were doing great! L"
ChIJ4xWMQACvzokRe2Fa_2nbws4,Kitchen Garden,"2137 S Atherton St, State College, PA 16801, USA",40.7857107,-77.8302286,(814) 996-9599,https://thekitchengarden.net/,4.7,188,,OPERATIONAL,Mediterranean,False,True,5.0,"Everything was incredibly delicious and fresh. It had been a while since I had such a wonderful breakfast. I was thoroughly impressed with the setup and the services. The staff was incredibly friendly | Kitchen Garden Restaurant is a hidden gem! The breakfast was absolutely delicious with so many fresh and tasty options. The setting is peaceful and beautifully designed, making it a wonderful place to | Warm, Family-Friendly Spot

Loved this place! We had serpme breakfast , pistachio chocolate cookies, and tiramisu - all were great. Especially lattes has beautiful creamy taste and deserts were freshl | We were planning to have breakfast, but it was too late ! We tried lentil soup, anatolian grilled plate for lunch. So delicious, original Turkish taste, clean, super clean which I like a lot. Highly r | We had the serpme, toast and waffle for our breakfast. Pretty generous sizes for all. Highly recommended for people who are into the Mediterranean breakfast. Besides the breakfast, I personally loved "
ChIJKzjvq1yvzokRt93pqEeFNEY,Pizza Hut,"2141 S Atherton St, State College, PA 16801, USA",40.7857705,-77.83010159999999,(814) 237-8093,https://locations.pizzahut.com/pa/state-college/2141-south-atherton-street,3.7,24,1.0,OPERATIONAL,Pizza,False,True,3.6,"My order was delivered on time, hot and fresh, tasted great. One of the best Pizza Hut experiences I've had. Will definitely order from here again.
UPDATE: We've ordered from here a couple more times  | Worst delivery experience in my life. My order never arrived, didn't got my money back and no body did wanna help me. That delivery was a scam, I lay in my bead with multiple broken bones and I can't  | I've gotta say this location is much better than the other one that closed down. I don't know if it is the same owner or not. I've ordered from here twice in the past two months and both times it tast | Ordered today and while i'm waiting in the lobby; the delivery driver Riley or Reiley was already at my apt door. I must applaud the professional service and demeanor of this person. They were very po | The only good things I can say is that they delivered on time, the delivery driver was friendly, and, for having basically no other option for delivery, the pizza was decent. I ordered the big box wit"
ChIJg7sbWbmozokR_uWQU_PI3Pk,Toasted Bagel Café,"460 Westerly Pkwy, State College, PA 16801, USA",40.7833317,-77.852932,(814) 308-9321,http://toastedbc.com/,4.5,379,1.0,OPERATIONAL,Breakfast & Cafe,False,True,3.8,"I love a good bagel, so I was super happy when I finally got to stop here! The service was great, and the man at the counter was very accommodating to help me find something I’d like in their overwhel | i genuinely believe i will never have a breakfast sandwich this good. not only was the bagel freshly made, all ingredients tasted amazing, the service was so welcoming and friendly; they truly cherish | Food deserves 5 stars ⭐️
We enjoyed having our breakfast there.
Tried ( The good boy ) which taste really good with the salmon but they were out of avocado but it was delicious anyway.
As well as ( Th | I stopped in for a dozen bagels and was disappointed that there was no whole wheat or multi-grain available.  The other flavors are very good though.  The service was great however the atmosphere was  | The Penn State reddit failed me. I took my parents here after reading good reviews about it. There was only about 10 people inside and the staff looked very frantic and turned off the kiosks as people"
ChIJ1xxcniCpzokRfVpM3wyIvjk,Fatoum Bistro,"532 Westerly Pkwy, State College, PA 16801, USA",40.7818775,-77.85338329999999,(814) 321-8999,http://www.fatoumbistro.com/,4.7,127,,OPERATIONAL,Bistro,False,True,4.8,"I came here for the first time today. I ordered a cup of the seafood chowder, hummus combo, and arayes. I got the pineapple agua fresca to drink. It was good, but I wasn’t a fan of the foamy stuff on  | The shawarma was not that great because the garlic was not fried well and why is the shawarma spherical in shape? Too many pickles and minced chicken! No smoky flavour in the chicken.

Another day, I  | Stopped here for breakfast on a trip and it was so good! They have regular American breakfast food but also middle eastern food. It was new and amazing! If they were closer I'd eat there all the time! | This afternoon, I had the pleasure of dining with friends who share my passion for food at a newly opened establishment. Despite our large party of nine, the service was efficient, and our meals were  | If you want flavor galore, you need to give this place a try. The bistro is nicely decorated, service was friendly, food cooked fresh. What else could you ask for? While I was there for dinner with so"
ChIJZ4ASbwCpzokRxrKXXfJT2zc,Manna BBQ and Hotpot,"State College, PA 16801, USA",40.7818646,-77.8533999,(814) 515-4415,,3.6,14,,OPERATIONAL,Asian Fusion,False,True,4.0,"Great new restaurant! The meat seemed very high-quality (and the seafood didn’t have that just-out-of-the-freezer taste/texture you see at some places), with a good variety of self-serve side options. | Super interactive and fun - didn’t wait long for our meat to arrive (ordered 4 sets of various meats 4 different times), did the BBQ only option! Every staff member, even the one that wasn’t our waitr | Honestly very disappointing experience.

We came here for hotpot, but the whole process felt extremely slow and unorganized. We had a 2-hour dining limit, yet it took about 40 minutes just to get our  | I like the flavor but it took long to wait and the price was reasonable | Pretty good"
ChIJN2d5kgKpzokR_NWKlNG47UI,CLUCK & CATCH,"536 Westerly Pkwy, State College, PA 16801, USA",40.7818511,-77.85345339999999,(814) 680-8191,https://www.cluckcatch.com/,4.6,92,2.0,OPERATIONAL,American,False,True,4.4,"Great spot in State College! The fish was perfectly crispy on the outside and flaky on the inside, and the fries were hot and well-seasoned. Portions were generous and everything tasted fresh. The sta | Yesterday afternoon we had some time to kill and a hole to fill.  We were attending our Granddaughter’s Basketball game at the High School and decided to grab a bite at Cluck and Catch because it was  | Dad and I stopped on one of our daily adventures. He was hungry for fish and they had four different options. We both went with the COD. It was excellent. We got a single serving. It came with 2 sides | The haddock was the star here! Strongly recommend eating there since this sort of food just doesn't travel well (I ordered there for take out and drove about 10 minutes home). I hope they have some ou | Stopped by this place for a snack.  Overall a good experience…

Pros:
Chicken tenders - cooked to order so they were hot & fresh when we received them.
Dipping sauces - nice variety
Fried haddock - go"
ChIJyel8NdqnzokRDEE67ucopvg,Subway,"1665 N Atherton St, State College, PA 16803, USA",40.8100706,-77.8974375,(814) 238-0234,https://restaurants.subway.com/united-states/pa/state-college/1665-n-atherton-place?utm_source=yxt-goog&utm_medium=local&utm_term=acq&utm_content=38038&utm_campaign=evergreen-2020&y_source=1_MTQ4OTkzMTQtNzE1LWxvY2F0aW9uLndlYnNpdGU%3D,3.6,100,1.0,OPERATIONAL,Sandwiches,False,True,1.2,"Ordered a chicken sandwich but there was barely any chicken, just sauce and salad. For some mysterious reason the chicken was not on the display which I never experienced.The taste was okay though, an | At what I’m sure is management’s direction, the protein portions are now much smaller, to the point of too small and being unfair to the customer.
I ordered a 6-inch of the chicken salad, and there we | The worker there is too busy flirting with the visibly uncomfortable female customers to actually get your order right, and then they dont issue a refund | The food was fine but very disappointed service. The server is very unprofessional. He has a weird accent and also can't understand what I'm ordering. I asked for BBQ chicken(which is one the menu) ra | Rude and aggressive personal. Probably not well trained and dirty food and place. They did not even wear gloves when making my sandwich, even though I asked for a vegetarian sandwich, they crossed con"
ChIJ3zrqLdenzokRowXv1F7ZeFY,Champs Sports Grill,"1611 N Atherton St, State College, PA 16803, USA",40.8079223,-77.8929138,(814) 234-7700,http://champssportsgrill.net/,4.2,1918,2.0,OPERATIONAL,American,True,True,3.4,"This review is being edited after I fought with Champs management for over a week trying to get someone to look into my situation.  I visited here on July 2nd. The following week I noticed an extra $1 | ""Served with a side Caesar or Fries...""  that you will pay through your nose for!  Our server was excellent (Kyle) but tacked on every possible charge...  1) note that the fries were $3.99 each when t | We were pleasantly surprised with the tasty food at this place. I ordered their chicken tacos and they were out of the world. Their Mac & Cheese and fries were also very good. During weekdays they run | Great sports bar! The beer selection us great, The Knuckle Ball is the best and biggest appetizer anywhere, the meat and potatoes is not what you think, its way better! Think tenders pot roast and Gno | We are from Nichols NY.  Went down to help our son move from State College to Philadelphia.  Decided to go have a drink and stopped here.  Bloody Mary was amazing!  Order a mozzarella cheese stick tha"
ChIJIxe76buozokRIH0rqC82eQY,Fuji Jade Garden & My Thai,"287 Northland Center, State College, PA 16803, USA",40.8035138,-77.8881707,(814) 861-3226,https://fujijadeandmythai.com/,3.6,673,2.0,OPERATIONAL,Thai,False,True,2.4,"Very cold inside the restaurant. Waiter did not seem happy and annoyed he had to be there to take our orders. Asked for a gluten free option for chicken hibachi, waiter said they would make it special | Absolutely DO NOT recommend eating here! The experience was awful from the minute we sat down. To start the Hibachi room was so cold, we couldn't even sit there comfortably. There wasnt anyone else in | My food was delicious. The crab Rangoon bites tasted fresh, delicate and great. Main dish also very tasty. Coconut soup, super satisfying. I did however get served a dirty looking cup for water. I pol | Take your money elsewhere! Please don't waste your time here..I was looking to find a nice pan-asain restaurant to take my family to and have I maitai while visiting my family for my nephews birthday  | I haven't been in this building since Ni Hao was open, but I am so glad I went!
The service was great, and we received the food so quick!
Everything was delicious. The sushi roll was one of the best I"
ChIJNQejOdWnzokR5mhZSP9FjW0,The Original Waffle Shop North,"1229 N Atherton St, State College, PA 16803, USA",40.8033539,-77.8830602,(814) 238-7460,http://originalwaffleshop.net/,4.7,1915,1.0,OPERATIONAL,Breakfast,False,True,5.0,"Best breakfast ever! We got the bacon cheddar omelette, pecan banana waffles and a chocolate chip pancakes, delicious! Gail provided great service. Line outside was long but moves fast and is super wo | The food and service were amazing. I had eggs, corned beef hash, and potatoes along with a blueberry waffle, and everything was cooked perfectly and full of flavor. My wife ordered the eggs Florentine | First time just traveling through, Rosa knew how to please us. I got the Tex-Mex with home fries & fruit, he got the meat lovers, multi grain bread, home fries. Everything was super good, love the PA  | Absolutely loved this place! The waffles were amazing,perfectly crisp on the outside and fluffy inside. And the Egg Florentine? Simply mouth-watering. Every bite was full of flavor and felt freshly ma | Had an incredible brunch here. Burger was perfectly cooked and fries were nice and crispy. My wife’s omelet was very flavorful and the buttermilk pancakes were excellent. Homefries had a ton of flavor"
ChIJ227jINynzokRg5AB6ewbCQ0,Sheetz,"1781 N Atherton St, State College, PA 16803, USA",40.8091144,-77.90080859999999,(570) 263-6166,https://orders.sheetz.com/findASheetz/store/122,3.7,87,1.0,OPERATIONAL,American,True,True,2.4,"A classic. Sheetz always comes through with quick, customizable, and consistently good. Perfect late-night fuel or road trip stop. Can’t go wrong. | Good place for gas and have a snack. Free air is also there. Automatic air filling machine is accurate and easy to use. Often visit this place. | Under PA law you are allowed to buy tobacco products over 21 while accompanied by someone under 21 which fall under a different law then alcohol regulations. The employee refused to sell me my zyns be | Very disappointed with this sheetz!! I am young professional college graduate with a full time job and every time I go here to get a beer I am pulled aside and quized about my ID. I am almost 25 and t | I went in to purchase beer and was given a hard time for my Driver’s License. I am 28 years old with a valid drivers license and the girl working the counter asked to verify my DOB and zip code. I tol"
ChIJo78no9WnzokRfgse8sOLwqs,Subway,"283 Northland Center, State College, PA 16803, USA",40.803448,-77.8879649,(814) 231-0234,https://restaurants.subway.com/united-states/pa/state-college/283-northland-ctr?utm_source=yxt-goog&utm_medium=local&utm_term=acq&utm_content=10871&utm_campaign=evergreen-2020&y_source=1_MTQ5MTA4NjktNzE1LWxvY2F0aW9uLndlYnNpdGU%3D,3.7,75,1.0,OPERATIONAL,Sandwiches,False,True,2.2,"Why are we only having 1 person working at noon on a Monday? Waiting for a mobile order, DoorDash guy is waiting. Others are waiting. People in line walked out. Simply not enough help. Do better. | It was pretty cold inside. Also the oven or whatever was broken so I couldn't get the sub toasted. Other than that, a good experience. | I went to order a Meatball sub and asked to substitute the mozzarella cheese with American slices ... The older gentleman told me I couldn't change it it's already on the sandwich... then gave the che | I left a review here a few weeks ago and the store literally deleted it. The owner’s son, who claims to be volunteering there, harassed me the entire time I was in the store, ALONE. Mind you, I am a 2 | Subway had been my goto convenience meal for years.  My favorite of all in the franchise is in Northland Shopping Center. A young lady works there who is an absolute gem! She is pleasant, personable, "
ChIJJXRggiqmzokRs-PVkkMphjE,Domino's Pizza,"1100 N Atherton St, State College, PA 16803, USA",40.8012556,-77.8805048,(814) 237-1414,https://www.dominos.com/en/?utm_source=google&utm_medium=loclist&utm_campaign=localmaps,4.1,295,1.0,OPERATIONAL,Pizza,True,True,3.6,"Honestly, this Domino’s is surprisingly good. We all know chain pizza can be a hit or miss, but this spot is consistently on point.
The pizza actually showed up hot, and they didn’t skimp on the toppi | This is just like most other Domino’s franchises I’ve been to recently. The pizza is good, but not my favorite. The garlic knots are good, but not great. The service was very matter of fact. Nothing t | My favorite snacks is parmesan bread bites!

Added on Jul 15 2022:
So tasty！ I ordered the thin pizza and it is sooooo crispy and flavored. Attached my choice below for your information.
32-Piece Parm | This is my second time ordering pizza from this location for my son who is a student at Penn State.  Both orders have been fantastic.  My recent order was fully done using the Domino’s app which is a  | We found a little green worm in a tomato on our pizza, and when we called to tell them what we found, the manager kept saying “we don’t have worms on our pizza” over and over and then he just hung up "
ChIJhwZW6LuozokRIL0n_VlWqbU,My Thai,"287 Northland Center, State College, PA 16803, USA",40.8035983,-77.88817639999999,(814) 231-8887,http://mythaistatecollege.com/,3.6,270,2.0,OPERATIONAL,Thai,False,True,3.6,"Very quaint atmosphere. Absolutely loved the menu. They even had cute packaging for the kids juice and water.  Highly recommend this restaurant. For Asian and Thai options. We had Chicken fried rice,  | Pad Thai was taken out of a buffet table mushy and gross.  No peanuts or green onions no lime just absolutely horrible.  I am very disappointed.  Was not fresh at all.  Pork was old and dry.  Worst I  | The food is great, but the service has been consistently rude toward us over several visits. We’ve always been polite and tip appropriately, yet staff interactions feel dismissive and unfriendly every | Usually places with this much variety and that cover so many Asian cuisine cultures disappoint. Happy to say this is not the case here. The highlights of our two visits were the pad see yu, red curry  | Love this place for it’s variation! Always curious to know how they do that! They have Chinese, Thai, and many other items on the menu, even a few different menu to pick from! Plenty of parking and se"
ChIJyfbDgtanzokRdlIBzpjpH0o,Dunkin',"1430 N Atherton St, State College, PA 16803, USA",40.8054957,-77.8882935,(814) 308-0120,https://locations.dunkindonuts.com/en/pa/state-college/1430-n-atherton-st/354996?utm_source=google&utm_medium=local&utm_campaign=localmaps&utm_content=354996&y_source=1_MTIxMTA2MzgtNzE1LWxvY2F0aW9uLndlYnNpdGU%3D,3.8,472,1.0,OPERATIONAL,Breakfast & Cafe,False,True,2.4,"Walking into this Dunkin Donuts is like entering a different dimension in which 1 second is 10 Dunkin seconds. I cannot believe how long it took for my SINGLE DRINK to be made. 32 MINUTES. FOR JUICE.  | The last three times in a row I've been to this location I've had issues with my order. First time got a breakfast sandwich and it wasn't even luke warm it was down right cold. Got a replacement and i | This Dunkin perplexes me. While I love the atmosphere and the friendliness of the workers, the slow service here is so infuriating. The Dunkin in State College is 10x busier yet they are more organize | Spencer was probably the friendliest and happiest person I have ever seen at the drive through. It made my morning. It's really hard to find people in customer service that are kind and friendly. 5 st | I went with my niece earlier to get the spider donut which Dunkin is supposed to have until November 6th. When I arrived at the window to pick up my mobile order, the employee working drive through in"
ChIJ_6f0A9enzokRFc2lilYT1GQ,Arena Bar & Grill,"1521 Martin St, State College, PA 16803, USA",40.8054556,-77.8914867,(814) 237-8833,https://thearenabarandgrill.com/,3.9,251,1.0,OPERATIONAL,American,True,True,3.4,"Initially, there was some uncertainty regarding the operational status of the establishment due to a service delay. The venue presents a club-like atmosphere, with a bowling alley conveniently accessi | We went for wing night and were pretty disappointed. There was one server for a large group and he took a long time. The wings weren't hot when they came out. The Parmesan wings were terrible, the bbq | Went there Nov 2024 and since the new menu..... downhill! The turkey bacon sandwich I got was so hard to eat! I told them fresh bread not toasted. Well I guess they don't know what toasted is... so bl | My husband took me out for my birthday and we decided we would try here!  The wings and cheese steak were amazing!  The service was perfect.  We enjoyed watching the line dancers. The atmosphere was r | Sincerely could have done without the karaoke Friday night. It was too loud and singers were subpar to say the least. I did not patronize the establishment for the entertainment, quite the opposite."
ChIJAcw3qZiozokRADktxzEgEgw,Rita's Italian Ice & Frozen Custard,"1609 N Atherton St, State College, PA 16803, USA",40.8078412,-77.8926572,(814) 808-5525,https://www.ritasice.com/location/ritas-of-state-college-pa/,3.8,102,1.0,OPERATIONAL,Dessert,False,True,3.2,"They were kind enough to bring their flavors to our job and what a refreshing treat. I copped out and got the lemon but it was so good and reminded of those childhood trips to the waterfront. Excellen | The lady is quick to cut you off. I asked to sample two flavors and she rolled her eyes and gave me a disgusted look. She gave all my friends napkins with their icees but I had to ask for one. It felt | Just your classic Rita's! They got all the classics like ice and custard and gelati and more! Not as many flavors as other Rita's but that's alright, still around 9 flavors. | I asked for a blendini with vanilla custard and root beer ice. Before I could even ask for my toppings, they cut me off, charged me, and started serving the next person. They gave me my blendini after | This is the only place I have found vanilla water ice which is my absolute favorite flavor. It was truly an amazing experience"
ChIJOcg0J9SnzokRCHePt__4fTY,Hoss's Steak & Sea House,"1450 N Atherton St, State College, PA 16803, USA",40.8059401,-77.88946589999999,(814) 234-4009,http://www.hosss.com/,4.2,1165,2.0,OPERATIONAL,American,False,True,3.8,"Admit I hadn’t been into a Hoss’s Steak House for decades, but saw this one in State College and had to give it a try!
The visit brought back all the memories!  This place is a blast from the past.
St | Excellent variety of soups every day; excellent temperature of soups. Salad bar is kept clean; items never run out. The same kind of pie is offered too many weeks; a more frequent change is needed. Th | I have never left a restaurant without tipping until I ate here. Our waitress (don’t know her name because she never introduced herself) was disappointing. She didn’t offer refills, didn’t check to se | As a Traveling Chef/Culinarian , it is a pleasure to have the opportunity to eat at this quintessential establishment.  This is a must if you are in the neighborhood.  The customer service is hands do | For being a Saturday during what should be peak hours, it wasn't really busy. Staff were either there when you didn't need it or couldn't be found when you needed them. One of my party members receive"
ChIJMTGlNdenzokR35sHOTjCUF8,Panera Bread,"1613 N Atherton St, State College, PA 16803, USA",40.8081798,-77.8938261,(814) 237-0552,https://www.panerabread.com/en-us/cafe/locations/pa/state-college/1613-n-atherton-st?utm_medium=local&utm_source=google&utm_campaign=dpm-dist&utm_term=601360&utm_content=main,4.0,926,2.0,OPERATIONAL,Bakery,False,True,3.2,"Never again will I choose Panera. While traveling for work I got a half salad and soup for takeout. They pack the salad so tightly into a small container that you can't even mix the dressing in withou | Had a piece of nectarine in my dressing that I accidentally poured in my Caesar salad and then I had nectarine in it. The salad was so bad too. I saw a review about a salad a month ago from someone so | Akela, Jae, and Berkeley were the kindest most helpful employees I have ever encountered at a Panera. They are fantastic at their jobs! | This branch is great. Staff are cooperative and kind. The place is specious and well organized. Service food is slow sometimes during rush hours but worth the wait annd can be managed by placing an or | UPDATE - much better experience this time, so I'll add back a star. Service was quick, food was great.
= = = = =
(In all fairness, this was the Sunday lunch rush the day after Penn State homecoming.) "
ChIJYcqVUtenzokRTV7LoUK7h9A,Red Lobster,"1670 N Atherton St, State College, PA 16803, USA",40.80751,-77.89600399999999,(814) 867-3867,https://www.redlobster.com/seafood-restaurants/locations/pa/state-college/1670-n-atherton-street,4.1,1308,2.0,OPERATIONAL,Seafood,False,True,4.2,"Whenever we visit State College, Red Lobster at North Atherton is a must! Lobster, snow crab legs, shrimp, calamari ...all fresh, exquisite, and delicious always; presentation and ambiance excellent.. | My husband and I live 2,500 miles away from family, so the holidays especially Christmas kind of suck. This year we went to Red lobster Christmas day, and holy crap they knocked it out of the park.  I | I'm extremely disappointed with our recent dining experience at this restaurant. We visited to celebrate a birthday, but the service was subpar. The restaurant was empty, yet they refused to accommoda | My wife and I stopped to eat after a long day of shopping.  We were immediately greeted when we came in and were promptly seated.  Our server Cashmere (Aniyah G) took our drink order and gave us plent | Red lobster has definitely changed for the better. Never used to like coming here too risky for how expensive things are but this experience has changed that for me. We took the risk and I’m glad. Man"
ChIJCd8IpPylzokRAVv9Di3dDXo,Dairy Queen Grill & Chill,"310 W Aaron Dr, State College, PA 16803, USA",40.806042,-77.8921317,(814) 238-2731,https://www.dairyqueen.com/en-us/?y_source=1_ODk5NDY1NS03MTUtbG9jYXRpb24ud2Vic2l0ZQ%3D%3D,4.1,807,1.0,OPERATIONAL,Fast Food,False,True,5.0,"This place is amazing. I love how the owner helps and works just as hard as his employees. I see he hires young kids which is great bc it has a vreat atmosphere. There is a worker named vinne who is o | Great Dairy Queen experience. The staff was super-friendly and seemed genuinely happy to be working there. The service was very fast. Food was great as always, although the menu did not include everyt | I believe the owner was working when we were there . He was going around to tables asking how everyone was seemed to care about the experience. Should have more business owners like him , he went out  | The food is just so good, I've never had an issue of accuracy. Sometimes the wait can be a little long but it's only because the food is so good it's hard to wait for haha. | Staff is friendly, service is fast, orders are correct, and food is great. Tables are always clean and seating is pretty comfortable. Really nice and well-kept place."
ChIJQ5NLv92nzokRJmpHsuRieFM,Moe's Southwest Grill,"211 Patriot Ln, State College, PA 16803, USA",40.8100281,-77.9020793,(814) 862-9315,https://locations.moes.com/pa/state-college/211-patriot-lane?utm_source=google&utm_medium=organic&utm_campaign=locations_partner,4.2,557,1.0,OPERATIONAL,Mexican,False,True,2.4,"Staff was friendly when I came in. They gave off pretty chill vibes and were attentive. I just wish the food was a little bit better for the price I paid. The food was okay. Maybe I just needed a bit  | One of the few places everyone in our family can find something they enjoy even with dietary restrictions. The workers are great and have even gotten to know our kids’ special requests 🙂 Took a star o | first time eating here and will be the last time. my order was completely cold, my tortilla was hard and not even wrapped the whole way in the foil, my chips were stale, the “protein bowl” was just no | Placing an order at 12:07 shouldn’t warrant a 12:41 pickup…. As I sit there and watch others who walk in 5-10 mins after I had arrived be waited on. What’s the point of ordering ahead ? That is all. M | My husband and I came for dinner around 8 pm. There were three younger girls who ignored us for about 5 minutes while we stood there. They seemed very annoyed and ready to get out of there, even thoug"
ChIJW9Z0MtenzokRA60J8Onj0-4,McDonald's,"1615 N Atherton St, State College, PA 16803, USA",40.808498,-77.89572700000001,(814) 231-8800,https://www.mcdonalds.com/us/en-us/location/PA/STATE-COLLEGE/1615-N-ATHERTON-ST/11722.html?cid=RF:YXT:GMB::Clicks,3.5,1544,1.0,OPERATIONAL,Fast Food,True,True,3.0,"Yesterday around 1:10 pm,
It seemed like our order was about to be taken — until the employee saw who was in the car(Asian), and suddenly the headset went completely silent.
After waiting 3–5 minutes  | I enjoy the free soda and tea refills, and the staff member at the cashier, Joan, is very, very nice and has helped place my orders when the kiosks don't work, which happens every now and then. I get  | What a joke! Kiosk had no paper, customers were waiting for an hour for a stupid Grinch box. Had to ask for a refund, which was fun because we didn't know our order number due to the no paper issue. T | The drive through person was very nice. However, when we ordered hot coffee, we got iced coffee. I guess it is a small mistake, but wish they confirm the orderes before finalizing them. | I do enjoy some MacDonalds in the morning when travelling.  It is about a mile off the highway, and the sign on the exit indicates that which is nice.

The place was busy, but they moved things along "
ChIJo78no9WnzokRatst01eBReo,Brothers Pizza,"231 Northland Center, State College, PA 16803, USA",40.8026074,-77.8860603,(814) 237-2353,https://ogbrotherspizza.com/brotherspizza-urlly2?utm_source=google,4.0,265,1.0,OPERATIONAL,Pizza,False,False,2.8,"My wife and I have started ordering food online from Brother's once a week over the winter. Before it was just pizza that we ordered now it has been their subs! They are better than any other place ar | We’re visiting from out of town. Hotel manager recommended it as a decent pizza place in  State College.
It turned out to be a horrible experience.
We ordered two large pizzas and waited. When ready,  | I go to this Brother's pizza about once a week. I always tip even though it is over the counter service. I ordered a meatball parm sandwich. The bun was so well done that it was black across whole top | I love eating here.  I only wish you had more detailed descriptions of your meals so you would know when ordering if there's anything you want to add/remove. | This is what they call a “well-done” pizza. Wish i could get my money back."
ChIJDX_eLdenzokRyaFWkTh7z8c,Wendy's,"1610 N Atherton St, State College, PA 16803, USA",40.8072936,-77.8929332,(814) 237-5894,https://locations.wendys.com/united-states/pa/state-college/1610-n-atherton?utm_source=Yext&utm_medium=Google_My_Business&utm_campaign=Local_Search,3.5,1215,1.0,OPERATIONAL,Fast Food,True,True,1.8,"20 minutes for a combo.  Zero customers at this location.  Only me. Greasy floors, ladder partially blocking the doors. Nobody working on it. Order was wrong. Waited longer for a baked potato that fel | I don’t usually leave negative reviews, but this was honestly one of the worst experiences I’ve had at a Wendy’s. The drive-through employee seemed very unsure of what she was doing, and I nearly drov | In all my years living in Centre County,  I've never had a problem ordering at this Wendy's. The cashier was nice, but I can't say the same thing about the people preparing the food. I could hear them | Went inside to eat and felt like I was eating inside a prison or something. It had absolutely ZERO atmosphere, zero decorations, zero colors. Also you have to order on a screen which a bunch of fast f | WORST experience i have ever had. Closed dining room 30 minutes early and made us walk through the drive through. We then had to wait 30 minutes to be able to order, and someone went inside to let the"
ChIJBQtU1tSnzokRAoCa9kLih9Y,The Greek,"102 Clinton Ave, State College, PA 16803, USA",40.8041872,-77.8829246,(814) 308-8822,http://www.thegreekrestaurant.net/,4.5,580,2.0,OPERATIONAL,Mediterranean,False,False,5.0,"I think our server's name was Jamie. It was a hockey weekend at Penn State and all restaurants in the area were full. Despite the business of the Greek, Jamie served us as if we were her only table. a | The Greek is one of my favorite restaurants in State College and made me realize I love Greek food.

The Kalamari Skaras is the best kalamari I've ever had; it even comes with pitas which are perfect  | The food here is incredible. Just the right amount of seasoning/flavor. I had the tomato bisque and chicken kabob and both were delicious. The dessert is just as good. The servers were friendly and qu | the food was so tasty and the service just as excellent. I went with a couple of vegetarians too and they had plenty to choose from! but don’t worry, the meat-eater (me) was also well-fed. | A hidden gem in Happy Valley! The Greek is tucked behind Waffle House and opens up into a huge restaurant that is completely Greek inspired in decor and delicious food. We had a variety and nothing di"
ChIJ4WejM9enzokRDKJMk_WAWrg,CC Peppers,"1625 N Atherton St, State College, PA 16803, USA",40.810267,-77.8949105,(814) 238-6688,,4.0,343,,OPERATIONAL,American,False,False,4.6,"My first time there. Not gonna lie, seemed a bit sketchy walking towards the back where you order. However, the staff for the most part were nice and the food was decent. The wings while pricey were a | Great subs, great fries, good value for the price. Clean restaurant and friendly staff. Check out their daily specials for a good value meal+drink combo, they have a different one every day.

My perso | I graduated in 89 and this is always my favorite stop!! Love the coast to coast and the very friendly folks who worked there. I even got a jar of mustard!! | The taco salads are the best you can get, the shell is very crispy.

The interior could use a refresh, things look a bit out dated and the kitchen looks well used. Let's be real though, you're there t | If you haven't tried this place, then you are missing out!.. consistent, delicious every time!"
ChIJ56CsvCqmzokRpMgp9M5Vf4o,Penang Asian Fusion Cuisine,"1221 N Atherton St, State College, PA 16803, USA",40.8030221,-77.88205710000001,(814) 861-6088,http://penangstatecollege1221.com/,3.7,172,2.0,OPERATIONAL,Asian Fusion,False,True,4.4,"The food is SOO good, I always feel like i’m getting better food (in both quantity and quality) than I was expecting. Not super expensive either. Wish more people ate here, they deserve the business. | The food is literally “okay.”  The service is “okay.” The space is “okay.” The prices are “okay.”

I rarely write an “okay” review unless my experience was really poor. Now, you are wondering why a 3  | Really solid tasty food. Been here a few times and everything I tried was great. Wish they served nasi lemak considering the restaurants name! Will definitely be coming here more often to try more of  | Pineapple Fried Rice was good. Vegetable Belacan tasted good but had a tad too much stem compared to leaves. Curry Beef Stew Noodles was spicy, creamy (from coconut milk), and nostalgic. Each portion  | It's good food! (Pictured is their General Tso Chicken). I don't know how authentic it is, but there were a lot of Chinese people in there and they seemed to be enjoying themselves. The food quality w"
ChIJifwGeQCnzokRt0D-Oa6ivo4,Hibachi at MY THIA,"295 Northland Center, State College, PA 16803, USA",40.8036757,-77.88826809999999,,,,0,,OPERATIONAL,Japanese,False,False,,
ChIJRyJVLtenzokRRwuNlagXfSs,Suzie Wong's Egg Roll & More,"315 W Aaron Dr, State College, PA 16803, USA",40.8069122,-77.8929617,(814) 237-5005,,4.3,3,,CLOSED_TEMPORARILY,Asian Fusion,False,False,4.33,"Love it. Went in bought a bag of pork egg rolls, best on the east coast. | Suzie Wong's Egg Rolls are awesome"
ChIJS45lWp2nzokRG1CHQeG-Z9E,Marzoni’s Brick Oven & Brewing Co.,"1215 N Atherton St, State College, PA 16803, USA",40.8027444,-77.88133619999999,(814) 325-7325,https://marzonis.com/,4.2,299,2.0,OPERATIONAL,Pizza,False,True,4.4,"How often can you find a resturant has exceptional decore, waite staff and very,very skilled cooks who can treat your taste buds to excellent tasting Pizza, Stromboli and hamburgers and fresh not fish | Try the Tangerine Creme Ale!!  Cool little brewery near hotels and campus. Service was delightful and they offer beer and wine flights. Their gyro pizza was very good as was the seafood pasta. The cra | Very friendly staff, with a nice variety of food options. Great draft beer selection and the oven roasted pizza was very good. Loaded fries with spicy ranch was the best I ever had. | The worst cheesesteak I have had in this town. It takes some real moxie to make a sub less filling that sheetz, cooked worse and charge more for it to boot. About the only redeeming thing this place h | I had an great meal at Marzoni’s recently! On the recommendation of my fantastic bartender/server, Joyce, I decided to try the Crab Pizza. It was absolutely delicious perfectly seasoned and easily one"
ChIJTdppRFulzokRJ9wRPsZhdZE,GuDong Hot Pot Delivery,"1212 N Atherton St #105, State College, PA 16803, USA",40.8018757,-77.88144869999999,(814) 954-9787,https://smorefood.com/order-online/gudong-hot-pot-delivery-state-college-16803-md3cu1op?utm_source=gmb&utm_medium=website,4.5,31,1.0,OPERATIONAL,Chinese,False,True,4.0,"A little expensive, but worth every penny! The owner is an absolute sweetheart and the food is DELICIOUS! I only wish i would have gotten a pot for everybody instead of just two, I know for next time! | It is pretty good sharing with family and friends！They gave Hot Pot for Free！
It is amazing！
We bought 15 hot pot packages when we spent our Christmas Holiday！
After skiing， having hot pot is amazing！ | I've wanted to try a hot pot dinner forever and finally got the chance today. Our set came with the pot, fuel and spoons which was great. The pork/chive dumplings were AMAZING and I highly recommend t | Fantastic food! My favorite broths were the original and spicy broths and the meat tasted amazingly fresh. Looking forward to coming back here each time I'm in the area! | I ordered takeout totaling around $120 from DoorDash today. Unfortunately, more than half of the items I received didn't appear fresh, especially the box of lamb. The color seemed off, and it had an u"
ChIJJbB5LFipzokRLqvMJVcLgD4,Fire & Fig Grill,"1100 N Atherton St, State College, PA 16803, USA",40.8013295,-77.88053959999999,(814) 237-2096,https://firenfig.com/,4.2,40,,OPERATIONAL,Mediterranean,False,True,3.4,"I thought the prices were fine, surprising to see people talking about that in the reviews. Considering everything is saffron infused it is well worth it. I enjoyed the eggplant appetizer. My main rec | We ordered all the platters including almost everything on the menu. Food is good, but definitely overpriced. Management and service training also need more improvement. | Warm atmosphere. Limited menu currently, but everything we had was delicious. I ate almost half of it before remembering to take pictures. We had the 3 dips - all three were great but the kashk-e bade | A clean place for a Persian cuisine. However, Persian kebabs should’ve been cooked more and had a sharper taste of saffron (these are missing in this restaurant yet)!
Their menu of kabobs is still lim | I’ve been here twice, and unfortunately both experiences were disappointing.
The first time I ordered koobideh with rice. The rice was undercooked, but I didn’t complain and just let it go.
The second"
ChIJC61ONqOnzokR-6g_fIq8vgg,700 Degree Pizza,"1669 N Atherton St, State College, PA 16803, USA",40.8084417,-77.8966798,(814) 996-9693,http://www.700degreespizza.com/,4.6,7,,OPERATIONAL,Pizza,False,False,4.4,"I discovered this place via Too Good To Go and the value is insane. The pizza will feed me for several days (which I really value as a broke student) and the quality is superb. The ingredients are rea | One of the best pizza spots I’ve tried in a long time. You can really taste the quality of the ingredients—from the rich sauce to the perfectly melted cheese. The crust had the ideal crunch and chew.  | Fresh out of the oven, tasted great.  Owner is friendly and helpful. | I ordered this Pizza off the app To Good To Go
so we could try out their pizza. It was delicious and I definitely recommend it. | I ordered a pizza with the app that they recommended selecting to have a cheese pizza with pepperoni all over and pesto on half and also mozzarella sticks with marinara. I got a pizza that was half pe"
ChIJ3yCCneunzokREB_SeUnDEt0,College Buffet,"1631 N Atherton St, State College, PA 16803, USA",40.8102367,-77.89501229999999,(814) 826-2728,https://collegebuffet.com/,3.2,270,,OPERATIONAL,Chinese,False,True,2.8,"The buffet needs a makeover.

Food is subpar. The place looks very old and outdated. Food tastes okayish. I was there around 2pm, It was not very busy. Food selection is not much. All the chicken I at | They have a new chef and new dishes they haven't had before, I've been coming here to satisfy my Chinese buffet cravings for 5 years now since I moved to State College from California, with the new ch | Having sampled some of the best buffets on the planet, this is a 3/5. My favorite buffets in Miami are a cut above. But if you wish an average meal, then come here. They can improve across the board. | I went here on December and the food was honestly shitty. The best thing there was some sort of cheese oyster and it was almost $20 per person with tax. Most food was lukewarm and I would much rather  | Worst buffet experience ever. Today was our second time going here. 1st time we went almost 2 years ago, my kid was only 7 months old, he cried little bit as it is inherent for a kid like him but the "
ChIJafr7Yr2nzokRJN36dg0ar-s,Chipotle Mexican Grill,"1850 N Atherton St, State College, PA 16803, USA",40.8086358,-77.903763,(814) 308-0671,https://locations.chipotle.com/pa/state-college/1850-n-atherton-st?utm_source=google&utm_medium=yext&utm_campaign=yext_listings?restaurant=3357,3.1,527,1.0,OPERATIONAL,Mexican,False,True,1.0,"I would like to take a moment and say thank you to Chipotle (State College) for a terrible dinning experience on 02/27/26 at your N Atherton location. At least seven employees present. one working the | Ordered 3 bowls, with extra rice, extra cheese, beans, corn salsa, one with guacamole. 2 with lettuce. Got 3 bowls, no cheese, didn’t get guacamole on my bowl, and lettuce on all 3. Received extra not | I asked for a burrito and they started to make a bowl.  I didn’t notice until a couple of seconds later. When I pointed out that I had asked for a burrito they seemed extremely confused. The way that  | When I asked for salt on the side, I was told that Chipotle is no longer allowed to give salt to customers. They were very rude about it which seemed kind of odd to me. Then the guy said he personally | This was one of the worst Chipotle Bowl I ever had. The beef was mainly gristle. I had about 10 pieces of gristle. The brown rice was hard. The chips were stale. The chips had been sitting for hours. "
ChIJ-c_Uad6nzokRe0dNYsOL9zU,Panda Express,"1870 N Atherton St, State College, PA 16803, USA",40.8086064,-77.9042303,(814) 867-2806,https://www.pandaexpress.com/locations/pa/state-college/2534,3.8,621,1.0,OPERATIONAL,Chinese,False,True,3.2,"I walked in to them making fresh orange chicken, however, the first bowl is my portion, verses my friends portion. They had plenty of orange chicken, so I'm not sure why my portion was so small. My se | This Panda Express does it right! Their service is quick and professional, and their food is top-notch. 🐼 | So I was so hungry my sugar was literally dropping and the team here at this Panda Express whipped me and my co-workers up an amazing meal and then somehow, stupidly, I threw away the receipt for a lu | I’ve never had a problem with this location before, but the new female cashier’s attitude lately creates a consistently uncomfortable experience. Nothing overtly rude — just an unnecessary negative vi | I really like Panda Express. Since moving to State College, PA, this franchise has provided disappointing experiences multiple times. If I lived in a bigger city, I would go to another restaurant. On "
ChIJwVWm2_SozokR9UQ8F53pcZY,The Original Waffle Shop West,"1610 W College Ave, State College, PA 16801, USA",40.77962,-77.8794533,(814) 235-1816,http://originalwaffleshop.net/,4.7,1795,1.0,OPERATIONAL,Breakfast,False,True,3.4,"Went here with family for the hockey game at Beaver in 2026. I thought the food was very good, the chocolate chip pancakes were great, and the cinnamon roll was amazing, it was really delicious. I als | Went for a birthday breakfast. And the waitress (Haley I believe) brought out a cinnamon roll w/ a candle. Very kind & brought a big smile on his face

Service is always quick. Plus they are great at  | I mean, the food is alright. If there was absolutely no other breakfast places within a hundred miles of here, the I guess it would be the best.

Luckily, there are better places.

The Naked Egg serve | Had an excellent Eggs Florentine today! Andrew was a superb server! Always a great experience! | If your server goes by the name Sofia, leave, RUN if you can. She was hostile and short with us during every interaction. My husband begged to go to waffle shop for his birthday and that totally soure"
ChIJnygvaIyozokRdMO-LNqDGes,HiWay Pizza Pub,"1301 W College Ave, State College, PA 16801, USA",40.784262,-77.8752916,(814) 954-5240,http://hiwaypizza.com/,4.1,517,2.0,OPERATIONAL,Pizza,False,True,4.4,"I recently moved to State College and this place quickly became my favorite pizzeria in the area.

During my first visit, I ordered a Chicago pizza and it was way better than any pizza I've had in Chi | It was an average meal. Service took a long time, we had to ask for someone to come to the table. I had a calzone which comes with the sauce poured in the middle of the plate; a first for me. When I t | Service is  ultra slow today. Place is too packed.

I came in for seconds tonight. Mr. White pizza. After my last Google review the parking lot is full. Inside, outside packed. Nice manifestation.

Ex | Went here with some coworkers while at State College. Atmosphere was your normal college sports town bar.  Service was good (nothing out of the ordinary). My salad was good portion nowadays (balsamic  | My twin brother and I couldn't decide on the flaky  crust, traditional Sicilian, Detroit style, so we bought'em all!"
ChIJl2fWJQClzokRLXfMVPQFuGg,Fatema's Kitchen,"1400 W College Ave, State College, PA 16801, USA",40.78247959999999,-77.8759386,(814) 206-8007,https://www.instagram.com/fatema_kitchen_state_college/,4.8,37,,OPERATIONAL,Halal/Middle Eastern,False,False,4.4,"I’ve been hearing great things about Fatema’s Kitchen since they opened. Finally got the chance to try it out. The before and after photo pretty much says how much I loved their food. Every single bit | This was our first time ordering from Fatema’s Kitchen, and the food was absolutely delicious. Mahiche was probably the best I’ve had in the U.S. - tender, flavorful, and perfectly cooked. Rice was fl | For $21, the Tahchin portion was quite small, mostly rice with very little chicken. It also had a rosewater-like flavor that I personally didn’t enjoy. | The dishes here are SO TASTY! Great food, great service, great people. Small menu but really good favor!

Uploaded the menu here so others can also see. Forgot to take photos cuz the food was too good | The food here is absolutely amazing. I had the saffron lentil rice and the eggplant dip, while my husband had the chicken kebab. All items were freshly prepared, they were highly aromatic, and the tas"
ChIJpeRe5iupzokRHlXGQp4yhNE,Tadashi Japanese Restaurant,"100 S Atherton St, State College, PA 16801, USA",40.791537,-77.8651981,(814) 308-9900,https://tadashijapanese.com/,4.2,423,,OPERATIONAL,Japanese,False,True,3.4,"Love the sushi here!! I got the beef udon here and they give a generous amount of beef. Broth was really good and noodles were the perfect texture. Appetizers were delicious as well, I liked the calam | I love the vegan food here, especially the tofu bowl and the vegan rolls. The flavors are amazing, and everything tastes fresh and well prepared. The environment is welcoming and comfortable. This was | The food here is great but we had a served who picked who she is going to serve on time and who should wait longer regardless of arrival time. A difficult server made for a forgettable experience.The  | Tadashi is the real deal—bold flavors, beautifully plated dishes, and a lively, high-energy atmosphere. We went primetime Saturday night around 8PM and had to wait about 30 minutes. The place was pack | I ordered mentaiko udon but got tobiko with a strong kimchi-cheese personality instead. As a mentaiko lover, I felt personally betrayed — wouldn’t recommend this place if you’re looking for authentic "
ChIJJ3oZQ0KpzokRq6birKXoUr8,Trophy Room,"125 S Atherton St, State College, PA 16801, USA",40.7915175,-77.86415149999999,(814) 231-2100,https://www.hilton.com/en/hotels/scegsgu-graduate-state-college/dining/?y_source=1_MTA2Njc4ODcxOS03MTUtbG9jYXRpb24ud2Vic2l0ZQ%3D%3D,4.6,9,,OPERATIONAL,American,True,True,5.0,"I stayed at the hotel for work this spring, ate w/ colleagues at The Trophy Room for breakfast. These potatoes were amazing & reminded me of a recipe NY daughter was trying. I mentioned it to the serv | You always want to ask for Jay, he's the best chef in there by far. Ask for Lilly, by far the best of the bartenders. | I only review things that are the best that I ever had or the worst. The food and service here is phenomenal. I’d wager some of the most underrated in State College. Try the quesadilla or pear salad. | Food was great!! Service was super friendly!! | Wings and kale Cesar were incredible. Good atmosphere and friendly wait staff.  Selection of draft beer was great."
ChIJ65yEU16pzokR72CHVnNM63g,POKE & NOODLE BOWL,"320 W Beaver Ave, State College, PA 16801, USA",40.7912101,-77.86307510000002,(814) 826-9302,http://pokebowlhawaiianyummybowl.dine.online/?utm_source=website,4.1,36,2.0,OPERATIONAL,Asian Fusion,False,True,4.6,"We were looking for a tofu dish and we found a delicious one. Fresh ingredients and plenty to eat. I'll definitely go back and order this again. | I would have given 5 stars for the food but they did not have Thai basil or cilantro. The pho broth was delicious and the Bánh mì was good. Tried the regular cold cut and one with grilled chicken. Spr | Had their build-your-own poke bowl. Great portion, amazing taste, all for a pretty economical price (only $11.50). Would totally go for it again soon. | Authentic mochi from Japan! Best mochi I've tried in America! Not too sweet and great flavor. You can tell it's homemade, it doesn't have the uniform factory shape. Tried the coconut and mango. Can't  | Ordered the Chicken Pho, Chicken Bahn Mi, and Chicken Spring Roll, and coffee milk tea for take-out. I can only speak on the Chicken dishes so far, but all of my food was wonderful! The woman at the c"
ChIJyVU_oF6pzokRcfD0_Bv-yFc,Panera Bread,"Kern Graduate Building, 110 Kern Bldg, University Park, PA 16802, USA",40.79733969999999,-77.8686931,(814) 278-7494,https://www.panerabread.com/en-us/cafe/locations/pa/university-park/110-kern-bldg?utm_medium=local&utm_source=google&utm_campaign=dpm-dist&utm_term=609209&utm_content=main,3.0,25,2.0,OPERATIONAL,Bakery,False,False,2.6,"I come here 5 days a week, using the my panera app I feel the variety and quality of food here aswell as the comfort of the location makes it well worth while! I average around 10.50 a meal order an e | Nice environment, nice staff, especially Maneva. He's always warm and kind to you, greets you with a smile and ensures you get your things on time and makes you feel better by making you feel welcome. | Be prepared to wait a L O N G time for your food. I've stopped going to this Panera location because I got fed up with placing an advanced order in the app for a particular time and then showing up to | Placed order at 7:24pm. I am still waiting on my order 30 mins later. Multiple ppl working not sure why it is taking so long. Other than ppl who ordered AFTER me are getting their orders BEFORE me. I  | It is actually absurd how slow this place is. It is not possible to eat lunch here unless you plan on hanging around for an hour waiting for your food.

They also seem to make a lot of errors with ord"
ChIJY4aUUMypzokRue1uFTNCFio,Lupitas Authentic Mexican Food,"312 W Beaver Ave, State College, PA 16801, USA",40.7913436,-77.8628885,(814) 954-8749,http://lupitasmexicanfood.com/,4.4,245,1.0,OPERATIONAL,Mexican,True,True,4.4,"Okay this is actually the best Mexican restaurant in State College. Super authentic food and delicious flavours.
If you are an Indian you will love this as this is very similar to home food taste!
Sta | Honestly, I'm sure for the college kids, this is a great place to drop in quickly and get a meal. However, for me who was having dinner with a friend and we decided on Mexican, it was highly underwhel | Where do I begin ... in short, you will not be disappointed if you are looking for something that feels authentic! Loved their selection of sauces, the meat was spiced perfectly, and the masa / tortil | I’ve loved Lupita’s since they first opened years ago! Consistently delicious food, good portions, great prices. They are family-owned and it shows - always friendly and part of the community. We are  | When I need something tasty, filling and full of flavor, I walk myself down to Lupita’s. My go-to order is either the carnitas king quesadilla or carnitas tacos. It wouldn't be true joy if you didn't "
ChIJZ3nfQCKpzokR4j4tdWYjHvY,Chill Out Hookah Lounge,"224 W College Ave, State College, PA 16801, USA",40.79277,-77.86315499999999,,,4.9,55,1.0,OPERATIONAL,Bar,True,False,5.0,"A truly authentic place with delicious made-to-order homemade comfort food and exceptional service matching the ultimate dining experience!

As the Penn State’s international student of an European an | I grew up in the area; many years ago I used to frequent the Hookah lounge that previously was established in this space with my friends.  Formally known as Chronic Town, I am here to say that Chill O | Excellent food and service!! Everything was delicious. Definitely will be returning and highly recommend checking out. | Me and my fiancée were here on vacation, we stopped here and it was such an amazing vibe. The employee was very friendly and offered us the top flavors, let us smell them. It was dead when we went so  | Very fun place to go still. Theme change but now is a bit more open inside."
ChIJvXSXt--pzokRIqQPTIDpdz4,Cafe Laura,"Mateer, 201 Mateer Building, University Park, PA 16802, USA",40.7986905,-77.87020640000001,(814) 865-1853,https://cafelaura.psu.edu/,4.3,16,,OPERATIONAL,Breakfast & Cafe,False,False,4.0,"I reserved a dinner here. Entree is good quality. Appetizers are good try. Service has room for improvement. I understand that. It's student training. | This is unquestionably the best dining option in state college, especially if you are thinking in terms of value and quality. There’s no competition.  I had a shrimp appetizer with perfectly cooked sh | Only opens for few hours, but extremely good food and service, with perfect pricing. Menu changes every day, and I love the surprises. | This was my first visit to the Cafe. I was more than a little disappointed in the quality of my food as well as the service. I ordered calamari ($8) as an appetizer, which was very good, however, my e | Great place for lunch , pub like atmosphere, great bar food"
ChIJtT99xzupzokRbQkw72lMjS8,Big Dean's Hot Chicken,"208 W College Ave, State College, PA 16801, USA",40.7932396,-77.86285099999999,(814) 954-7240,https://www.bigdeanshotchicken.com/,4.2,235,1.0,OPERATIONAL,American,False,True,3.2,"The quality of food is wonderful. I think one of the best in state college. It is very much comparable to Dave's. The toilets were not clean, it was less lit in general, and seating is not comfortable | I unfortunately did not have a good experience at Big Deans, and I have a laundry list with it. Let’s start with manner and human decency. Since we came in at 8:40, we all got looked at as if we had t | The chicken is over cooked which makes it tough. Nothing worse than biting into a tough piece of chicken that immediately makes you want to spit it out. Fries.. meh. Nobody likes crinkle cut, change t | This was our first visit, and we will definitely return! We were not greeted upon arrival, so we opted to order from self-serve kiosks. We had to get the lone employee's attention to request cups for  | Big Dean’s Hot Chicken is my favorite restaurant in state college, largely due to supervisor Joel. Every time I visit and he’s working, a smile crosses my face. He’s so approachable and always quick t"
ChIJHfdTzoapzokR2d0etyYT8u0,Susie's Tacos,"225 W Beaver Ave, State College, PA 16801, USA",40.7921539,-77.8622535,(814) 232-6096,https://susiestacos.com/,4.8,16,,CLOSED_TEMPORARILY,Mexican,False,False,4.2,"Absolutely delicious tacos.  The 3 for  $12 with a pop is the perfect lunch. My taste buds craved more, but the stomach was happy.  I just discovered this gem and will now make it a regular stop. | Excellent burritos and tacos, probably the best in town. Way more authentic too. Don’t be fooled by the bagely exterior, these folks know what they are doing. | Amazing street tacos and Taylor swift music. FYI, it is inside Bagel Crust. | Service was great. food was blah save your time and money go someplace else. | Always quick and helpful, quality food...my go-to breakfast sandwich place"
ChIJn5_eDRCpzokRj6M_f8B4jAM,Bagel Crust,"225 W Beaver Ave, State College, PA 16801, USA",40.7921929,-77.8622535,(814) 232-6096,http://bagelcrust.com/,4.1,57,,OPERATIONAL,Breakfast & Cafe,False,True,4.8,"✨ Local Gem (new fave bagel spot)✨

Such a great experience! Sweet, helpful staff, smoothies made with fresh fruit, and delicious bagels

Now that I make bagels at home, I have come to appreciate a go | Wonderful local bagel, coffee,  and tacos restaurant has just what you need to get the day started, no matter how rough the morning.

Try the everything bagel, and the omelet

Susana was super helpful | It’s a very well known breakfast place in the town. The skinny lady sandwich is a good choice for vegetarians. The staff members were friendly and helpful. But there might be a crowd during the mornin | Nothing like a bagel sandwich shop tucked into downtown State College.
Even though the macaroni salad was from a grocery chain, the bagel sandwich made up for it. So good! Ignore the 3 yr old reviews  | My sandwich was good and prepared on time. I ordered carry out online so I barely interacted with the staff but they seemed friendly."
ChIJ4Y3sI5SpzokRcln_Qk_3HqA,Fuego Grill,"313 W Foster Ave, State College, PA 16801, USA",40.7902242,-77.86165249999999,(814) 895-5293,,5.0,49,,OPERATIONAL,Halal/Middle Eastern,True,True,5.0,"Such an authentic food truck. The service is so great and they are such friendly and personable people. I have tried many of their menu items, the Birria Tacos have been my favorite so far, my goal is | Everything I have tried from this place has been amazing. Best birria and churros I have had in my life. I’ve gotten to know the staff and they are all so sweet. The best hidden gem in state college!! | Amazing food, loved it. Have already visited them 3 times in last 2 days to try all of their menu. Do get their Chicken Quesadilla and Chicken Burrito and do not forget to ask for their green hot sauc | The food is sooooo good! Everything was fresh and flavorful. I stopped eating to make this review because everyone needed to hear about this place IMMEDIATELY!!!Not to mention the ladies working were  | Delicious food and friendly service. We had the Fuego bowls, empanada, and churros. Everything was excellent and affordable. We had to wait a little for our food but that's a small price to pay for fo"
ChIJH_4JGZepzokRtZTgKp-ZH-Q,Coffee Hemp & Tea,"313 W Foster Ave, State College, PA 16801, USA",40.7902242,-77.86165249999999,(814) 230-0848,http://coffeehempandtea.square.site/,4.8,25,,OPERATIONAL,Breakfast & Cafe,False,False,5.0,"I wish I could give this place 20 stars!!! Best coffee I've ever had; they have such a unique and phenomenal drink menu and the food is awesome, too! I had the strawberry cheesecake coffee. They reall | I always look for such cozy and homely place to drink tea or coffee. They have both inside and outside seating arrangement. Loved talking and watching the owner making tea and coffee for us. Those who | This morning I finally tried this place after seeing it pop up behind my apartment and I wish I had discovered it weeks ago. The flavor options are so unique AND delicious. The care with which my coff | This is my new favorite spot in State College. The drinks and pastries are delicious. We were helped by a lovely employee who not only provided great recommendations but made us feel warm and welcome  | My new favorite coffee shop in town! With an expansive menu sure to please coffee and tea drinkers of every stripe, extremely pleasant and friendly service, and a downright cozy location and atmospher"
ChIJ25uo2GSpzokRZj-upQZQPtw,Benny Leone's Pizza,"109 S Fraser St, State College, PA 16801, USA",40.7934118,-77.86234639999999,(814) 954-8961,https://www.bennysva.com/locations/leones,4.6,69,,OPERATIONAL,Pizza,True,True,4.2,"(Updated review) downgrading a couple stars after a few more visits here. The flavor is just not there. Sauce has no flavor and barely there, and the cheese isn’t doing much for it, strong Parmesan or | Some of the biggest slices and pies I've seen in a while, ideal for college students in the area. No frills limited items menu, works well and tastes great. Better value for money than other popular p | The pizza slice are huge. I tried the mushroom garlic and cheese pizza and both were bomb. Very delicious open till 1am perfect for late night snack. | Humongous slices of great pizza, could barely finish my piece. Great value for your money. Very busy around night and difficult to find seating but great atmosphere. Nice area with lots of restaurants | Biggest piece of pizza you can find in centre county. Super small store, but that's the point! Be prepared for a big box if you get a big box. Not much seating, so it's best for pick-up."
ChIJI2ESi1OpzokRhHMTu--0VMI,Snap Custom Pizza,"132 W College Ave, State College, PA 16801, USA",40.7936223,-77.8623811,(814) 954-7416,https://www.snapcustompizza.com/,4.4,615,1.0,OPERATIONAL,Pizza,False,True,4.2,"Fresh made pizza! The place was pretty busy, but they were efficient taking and making orders quickly. We really enjoyed our pizza and would visit again! | I bought a pepperoni pizza added a tip and I received a pizza that was luke warm. It was super floppy and extremely greasy. It was almost like when a pizza that is frozen is heated up in a microwave.  | Pretty good pizzas for a pretty good price. Hard to find seats during the semester when the students are here. The staff members are friendly. | With the crispy crust, flavorful sauce, and fresh toppings, every bite is satisfying. The service is quick and friendly, making it a great spot for a casual meal. Whether you’re grabbing a slice or or | Excellent pizza in State College.  It's prepared immediately after ordering with fresh ingredients.  I had the margharita which was tasty, with just the right amount of olive oil and garlic.  Not over"
ChIJjSgJYbKpzokRYWfraesgRz0,Juana's Venezuelan Cuisine,"129 S Fraser St, State College, PA 16801, USA",40.7933509,-77.8615502,(814) 996-4906,http://www.juanascuisine.com/,4.8,250,2.0,CLOSED_TEMPORARILY,Venezuelan,False,False,5.0,"Why isn’t this place open later than 3pm? It’s amazing. The food is perfect - we had a bowl, a criollo, and tried two of the pastelitos. All delicious. I am so full I need a nap. | Service is always friendly and patient, food always hits, portions are great, and has a nice cozy vibe inside. I got the Reina Pepiada veggie plate (Chicken salad with avocado), Arepas, & Tamarindo dr | Beautiful and cozy place, the women were very welcoming & made me feel at home.

The food was delicious, I definitely recommend this spot. | Stopped in for lunch on Saturday between We Are weekend events. Have always wanted to try but hours are a bit inconvenient for us.

The arepas are delicious. They’re way bigger than we’ve had at other | What a gem of a place!!! Love the atmosphere and the food. The lady at the counter was patient and friendly and helped me selecting my food. It was my first time having Venezuelan food and enjoyed it."
ChIJJYdc65iozokR_63CFyOK-eA,Penn Pide Halal Brothers,"127 W Beaver Ave, State College, PA 16801, USA",40.7929145,-77.86115869999999,(814) 954-7136,,4.4,306,1.0,OPERATIONAL,Halal,False,False,4.2,"We ordered the lamb pide and chicken pide, unfortunately, both were very disappointing. The flavors were bland, and the texture just wasn’t right. Honestly, it was the worst pide I’ve ever had. On top | Great mom and pop shop serving authentic Mediterranean food. The The baklava was so delicious and warm. The “pizza” is light and tasty as well, it won’t weight you down because there’s no cheese. It l | AWESOME!!!! Easily the best Middle Eastern food in State College. Lamb is wonderful, so is the chicken, and their Pide's are off the hook... Really nice guys in there as well. Thanks for making awesom | Good halal option at Campus. Need to improve with customer friendliness. Seating is uncomfortable in summer without AC and kitchen heat. The food tastes very nice. Worth the trip! | Well, it's been a few times now that I have been to this place for some desi food. Tried their lamb over rice, shrimp over rice, biryani and gyro over pita (last night) which is completely amazing. I "
ChIJRV_HftKpzokRn9SynT9N_eM,Allen Street Pizza,"128 S Allen St, State College, PA 16801, USA",40.7936036,-77.8611567,(814) 264-3589,http://www.allenstreetpizzamenu.com/,4.8,465,1.0,OPERATIONAL,Pizza,True,True,4.2,"Tried this place because my family recommended it — big mistake. I ordered the Chicken Tikka Pizza, and what I got was plain grilled chicken with green peppers and onions. No tikka, no masala, no flav | I was at State college with my family for a couple of weeks, and Allen street pizza was our go-to for lunch, sometimes brunch or dinner. Hardly did a day pass without us eating from there. The staffs  | Best pizza place! The nicest people and gave us free food at the end!! Food is delicious. | HREAT PIZZA GREAT WORKERS!!! AWESOME OWNER | Incredible restaurant. Immediately felt like family. The funnel fries were incredible. Can even get a good rhythm going with the music"
ChIJoY_jt5iozokRIGvGoVUeliw,Sauly Boy's,"124 S Allen St, State College, PA 16801, USA",40.7938317,-77.86102199999999,(814) 234-8700,http://www.saulyboys.com/,4.2,368,2.0,OPERATIONAL,American,False,True,4.8,"Overall for a burger place, Sauly Boys offers a very tasty burger (similar to a five guys) with their unique special sauce. The burger was perfectly cooked and nice and soft.  Their special sauce tast | Came here for dinner one night while downtown. This place has a surprisingly good gluten free burger! I got a classic grilled cheese and it was delicious. My girlfriend got a burger with gluten free b | Great burger, I wish the meat was little more, and the burger was slightly bigger! The service was fast, and plenty of seating space. I liked the taste of sauce and big lettuce on it. The fires were c | The price was reasonable for the meal set that came with fries and a drink. This place gives you the option to change to a plant based patty for 2 dollars extra. The food was delicious. | Great little place to visit in State College.  Greeting was very warm and friendly.  First time here but they welcomed us like old friends.  Everyone enjoyed their meal and we loved the special sauce."
ChIJPf0064mpzokRsTYJn-I5_OE,Chick 2,"128 E College Ave, State College, PA 16801, USA",40.7948827,-77.8606886,(917) 724-4911,https://order.mealkeyway.com/customer/release/index?mid=6778636471686b77672b436c703458507862632b38773d3d,4.2,108,2.0,OPERATIONAL,American,False,True,5.0,"Holy goated restaurant. Not once have I come in and gotten anything below 5-star quality. Boss man is always ready to hook us up with amazing food for a goated price. The absolute lifeblood of college | Food was fire, service was great, and the price was goated. $7-10  for a descent size portion is a really good deal. Some places charge way to much | Best food I’ve ever eaten, absolutely delicious every time I go. Everything on the menu is amazing and always tasty. The chef is the goat. If you’re thinking about coming here, just do it. You won’t r | This amazing place is open from 8:00 PM to 1:00 AM. The owner is cooking some of the most amazing dishes in the most unassuming location. He's a chef, the spicy tofu is one of the best plates you will | This is the unmatched chicken and rice champion in State College. The only store I frequent weekly. Freshly cooked chicken and 3 complimentary, homemade sauces for 8$. Whole foods, not sugar-y. If you"
ChIJmWtlw4epzokRaoGti1MzJbU,Dagu Rice Noodle 大鼓米线,"134 E College Ave, State College, PA 16801, USA",40.7950285,-77.8606221,(814) 237-1717,http://daguricenoodlepsu.com/,4.5,23,,OPERATIONAL,Chinese,False,False,4.0,"On two visits I had the pickled cabbage fish soup and beef rice noodles. Both were delicious, served hot and with a great presentation. The hostess was personable and attentive! I can't wait to return | Great food! Especially during the winter, the rice noodle soup is so good! | First of all, let it be known that they give cans of soda for 5-Star reviews, so be aware that a lot of these reviews might be for that promotion.
That being said, I enjoyed the food. The presentation | Love the tomato rice noodle! Idk why many ppl think the service is bad. i come here 3 times a week with friends and everytime the server is very friendly. That being said, u do have to order through q | What kind of place is this even? How did it get such high ratings? First off, the waitstaff's attitude is absolutely terrible—itWhat kind of place is this even? How's the snootiest service I've ever s"
ChIJ1wxEiVWnzokR4y1xJmo8WCE,Playa Bowls,"482 E Calder Way, State College, PA 16801, USA",40.798756,-77.85433499999999,(814) 954-5139,https://www.playabowls.com/location/penn-state-state-college-pa,4.7,449,2.0,OPERATIONAL,Bowls & Healthy,False,True,4.4,"every time my boyfriend and I come in here The staff is so judgmental and rude. I noticed that when we do decide to tip, they give our bowls a big filling, but whenever we do not tip, they give us 90% | The girls working behind the counter were very attentive to our questions and us wanting to sample different things. They explained all of their options in detail and made it very easy to make a choic | Heard about this place back in VA, but was in PA for business and was needing something post workout!! Can’t recall the young lady’s name that was sooo patient with all my questions… but i decided on  | Cute little place with delicious, refreshing bowls. I love getting these when I want something light but filling for lunch. I've had many different bowls that were all amazing and if you don't like an | first time trying any açaí bowl and I loved it!

The employee at the register was super helpful and patient, and answered all my questions! I even got to sample the açaí and pitaya bases. Açaí is defi"
ChIJ7_mN5HenzokRDrE-kl9NWc0,Big Chicken,"480 E College Ave, State College, PA 16801, USA",40.7992558,-77.8549598,(814) 954-8183,https://www.bigchicken.com/,3.7,57,,OPERATIONAL,American,True,True,3.0,"Tried Big Chicken and got the 5 tenders combo with fries, two sauces, and a regular fountain drink — total came to $19.06. The tenders were crispy on the outside, juicy on the inside, and tasted fresh | I understand that they just opened, but they’ll be closed in five or take 5 months. They don’t accept their own gift cards and the food is astonishingly mid tier. It’s like option C when there’s a Can | Despite what people say it's small. It's hard to get around people but it's totally worth it. They were out of Mac and it was a shame but I made do and it was awesome. The fries don't get soggy and th | I was really looking forward to this place, and I rarely write reviews these days, but I need to warn you. The chicken was dry and flavorless. Could have been redeemed by the sauce, but the “Shaq atta | I was excited to try this place....​it was fine, a bit of a letdown.

The sandwich was big, but the chicken was a bit dry. The fries were okay, though they could have been crispier.

The meal didn't i"
ChIJxfRuH26nzokRrw2tuQGqwxM,Pho Mi Now,"454 E College Ave, State College, PA 16801, USA",40.7988796,-77.8554804,(814) 699-9266,http://teadori.com/,4.9,8,2.0,CLOSED_TEMPORARILY,Vietnamese,False,False,5.0,"I usually get it for dinner but have gotten it for brunch and lunch before. Even since it has been added I have been eating it for 6 days in a row. It’s very filling especially with the delicious brot | One of the best places in town to get pho! And it’s always a great place to hang out with friends and enjoy yummy snacks and boba. | This is my first time ever trying Pho and it was delicious!! The way the meat just melted in my mouth with a burst umami flavors was so exciting! Highly recommend anyone if you’re interested in gettin | Absolutely AMAZING Pho!!!! 10 out of 10 recommend!!!!! We’re coming back Pho sure!! | Food is perfect! And the strawberry teas as well
Great place to sit and eat while in state college"
ChIJzUeky-CnzokRUJNhoMKfPD8,Teadori,"454 E College Ave, State College, PA 16801, USA",40.7988796,-77.8554804,(814) 699-9266,http://teadori.com/,4.7,116,1.0,OPERATIONAL,Asian Fusion,True,True,4.4,"I tried the strawberry matcha. It was delicious, though the strawberry layer wasn’t as visible as in the pictures. The place is nice, and I’ll definitely come back to try it again and explore other fl | Teadori is a fun mix of tea shop, a quick bite to eat and great place to chill with friends. The owner and his mom run this place well. Kind, welcoming, authentic. The Pho was outstanding. We really a | The pho and the curry were both absolutely delicious — rich in flavor, well-seasoned, and clearly made with care. The broth in particular was excellent, and the curry had great depth and balance.

How | Pho is great!! The cheese foam tea and chicken katsu have the exact same taste in Taiwan. So gooood 🤩🤩 staff are friendly too! Thank you ❤️❤️❤️ | This place is great! I stopped here for takeout while visiting my bf. The boba is really good, the Chocolate Milk Tea being the best one out of the three we ordered. The Beef Pho is super fresh, amazi"
ChIJf_RhRb2pzokRN0Nrim_ZEks,Cafe Alina,"421 E Calder Way, State College, PA 16801, USA",40.7979897,-77.8559118,(814) 954-5816,https://orders.cake.net/11222700,4.7,861,2.0,OPERATIONAL,Breakfast & Cafe,False,True,4.8,"We were just passing through State College and read that this little hidden gem had the best Indian/Pakistan food in area. Parking was a nightmare but once we got into the restaurant we were greeted w | As always, the food was great and vibes were immaculate. The owner is very thoughtful and you can tell by this that a lot of passion goes into the food. It’s food, vibes and late night open hours make | A Wonderful Taste of Home!

The staff at Cafe Alina are incredibly friendly and always make you feel welcome. The food is consistently delicious and high-quality, and the prices are very reasonable. F | We were traveling to New York for the holidays and needed to stop by for lunch so found this gem . Owner is so warm accommodating. Food is really delicious. We left with happy tummy happy heart . | Good quality food that tasted like home cooked. We had Biryani, Butter Paneer, Naan and Chai. Everything tasted delicious.
The only shortcoming we found was the smell. The table was cleaned with the m"
ChIJlZ9sPACpzokRZHVi08rrpC0,Mosul Grill,"434 E College Ave, State College, PA 16801, USA",40.7983,-77.856109,(814) 954-8014,https://www.statecollege.com/articles/business/new-downtown-state-college-restaurant-offers-authentic-iraqi-dishes/#google_vignette,4.6,74,,OPERATIONAL,Halal/Middle Eastern,False,True,5.0,"Great food and portion size. We ordered Lamb Pide and Lamb Shish Wrap. Delicious. We had to wait about 30 minutes but you can order in advance. Keep in mind that prices were adjusted and do not match  | Great food, the best middle eastern food in State College for me! I loved every dish and it truly felt authentic. The hummus and the falafel were one of the best I had in a long time (highly recommend | This is the best middle eastern food in state college and it isn't even a little bit close.

Everything was made fresh and came out hot. Amazing flavours. We got a chicken leg plate and a lamb shish p | This was a great chance found by accident when I wasn’t looking. Was on my way to a restaurant that was closed when I ran into a group that recommended this place for me. So I paid a visit and it was  | What a gem! Great menu and generous portions, even by Central PA standards. Brought friends and had dolma, chicken kebab, and both spinach and eggplant pide. Good lord, what a jam — I hope to come bac"
ChIJJx-yTGCpzokRwCsVey0scRo,Penn State Halal Guys,"417 E Calder Way, State College, PA 16801, USA",40.7980869,-77.8560806,(814) 954-8079,https://www.pennstatehalalguys.com/,4.8,205,2.0,OPERATIONAL,Halal,True,True,5.0,"The food is delicious! The rice is seasoned perfectly. I love the lamb & chicken combo. The lamb is always so tender. The white sauce & hot sauce together is bomb. This is enough to feed 2 people depe | A Pakistani guy was selling authentic halal food - really tasty and reasonably priced. Lots of options (chicken or lamb), with rice and fries. I was in State College for a day, tried it for dinner, an | So from the perspective of a Lebanese woman: Life changing Halal truck for Middle Easterners in State college!! I’m from Detroit with family in Dearborn and I haven’t found any food out here that can  | Really great halal cart gyro. Feels and tastes just like I’m in NYC. | Food was fantastic. Service was great. The chicken and lamb combo is one of the best things I've eaten in State College. Absolutely will be a repeat customer."
ChIJg9l96aCozokRmNprRLK1F5Y,Sowers Harvest Café,"421 E Beaver Ave G1B, State College, PA 16801, USA",40.7972698,-77.8556759,(814) 867-1007,https://www.sowersharvest.cafe/,4.9,868,1.0,OPERATIONAL,American,False,False,5.0,"I really like this place. The coffee is excellent, and their breakfast and lunch options are great too. The staff is always cheerful and the place is usually packed, which adds to the energy. The only | We had an excellent lunch at Sowers Harvest. If you’re looking for a fresh and healthier alternative, this is the spot. Our sandwiches were great and we will be back to try other menu items in the fut | Their signature mocha was rich, creamy, and the perfect amount of sweetness. The whipped cream on top was cold. It had the perfect balance of hot and cold. It came with the cutest little spoon. I also | One of the best hidden gems in State College.  Amazing customer service is matched with their equally amazing food.  You've gotta try the pretzels of course but my personal favorite is the Chipotle ch | The cutest little cafe!! Indoor and outdoor seating! The Fruit French Toast is amazing! Love the seasonal drinks - peppermint hot chocolate and the cocoa dusted mint latte!!"
ChIJx2YPDv-pzokRMlh0Z_WYyHU,Bistrozine,"409 E Calder Way, State College, PA 16801, USA",40.797825,-77.85602279999999,(814) 826-2492,https://www.bistrozine.com/,4.6,259,2.0,OPERATIONAL,Bistro,True,True,4.8,"Tried desserts at Bistrozine and was really impressed. We ordered two chocolate-based desserts, and both were well executed and nicely presented.

One of them was a warm chocolate lava–style cake serv | Ramen (pork and chicken tonkotsu), shrimp drunken noodles, and the pineapple/green tea smoothie were all delicious! Great menu. Every item we’ve tried here has been tasty. | Get the hot rose milk tea and bulgogi kimchi tots for sure. Loved the crispy duck roll too! Didn't get a chance to try the desserts but they all look stunning. This modern asian fusion place is State  | Nice spot for lunch or dinner. Food is a little eclectic, but could be described as Asian fusion. Pork buns were good, but you need to use the dipping sauce. Crispy duck rolls were amazing! Kimchi fri | I don’t think I can express how much I love this place. Beautiful presentation, extremely fresh, lots of balanced flavors. I always feel homesick for my country’s food, and I normally just get some Am"
